city_name,datetime,target_datetime,true_aqi,pred_aqi
Bacolod,2026-01-25 23:00:06+08:00,2026-01-26 00:00:06+08:00,2,2
Bacolod,2026-01-26 00:00:07+08:00,2026-01-26 01:00:07+08:00,2,2
Bacolod,2026-01-26 01:00:07+08:00,2026-01-26 02:00:07+08:00,2,2
Bacolod,2026-01-26 02:00:07+08:00,2026-01-26 03:00:07+08:00,2,2
Bacolod,2026-01-26 03:00:07+08:00,2026-01-26 04:00:07+08:00,2,2
Bacolod,2026-01-26 04:00:07+08:00,2026-01-26 05:00:07+08:00,2,2
Bacolod,2026-01-26 05:00:06+08:00,2026-01-26 06:00:06+08:00,2,2
Bacolod,2026-01-26 06:00:07+08:00,2026-01-26 07:00:07+08:00,2,2
Bacolod,2026-01-26 07:00:06+08:00,2026-01-26 08:00:06+08:00,2,2
Bacolod,2026-01-26 08:00:07+08:00,2026-01-26 09:00:07+08:00,2,2
Bacolod,2026-01-26 09:00:07+08:00,2026-01-26 10:00:07+08:00,2,2
Bacolod,2026-01-26 10:00:07+08:00,2026-01-26 11:00:07+08:00,2,2
Bacolod,2026-01-26 11:00:06+08:00,2026-01-26 12:00:06+08:00,2,2
Bacolod,2026-01-26 12:00:05+08:00,2026-01-26 13:00:05+08:00,2,2
Bacolod,2026-01-26 13:00:06+08:00,2026-01-26 14:00:06+08:00,2,2
Bacolod,2026-01-26 14:00:08+08:00,2026-01-26 15:00:08+08:00,2,2
Bacolod,2026-01-26 15:00:07+08:00,2026-01-26 16:00:07+08:00,2,2
Bacolod,2026-01-26 16:00:07+08:00,2026-01-26 17:00:07+08:00,2,2
Bacolod,2026-01-26 17:00:07+08:00,2026-01-26 18:00:07+08:00,2,2
Bacolod,2026-01-26 18:00:06+08:00,2026-01-26 19:00:06+08:00,2,2
Bacolod,2026-01-26 19:00:06+08:00,2026-01-26 20:00:06+08:00,2,2
Bacolod,2026-01-26 20:00:06+08:00,2026-01-26 21:00:06+08:00,2,2
Bacolod,2026-01-26 21:00:05+08:00,2026-01-26 22:00:05+08:00,1,2
Bacolod,2026-01-26 22:00:08+08:00,2026-01-26 23:00:08+08:00,2,1
Bacolod,2026-01-26 23:00:08+08:00,2026-01-27 00:00:08+08:00,2,1
Bacolod,2026-01-27 00:00:06+08:00,2026-01-27 01:00:06+08:00,2,2
Bacolod,2026-01-27 01:00:06+08:00,2026-01-27 02:00:06+08:00,2,2
Bacolod,2026-01-27 02:00:08+08:00,2026-01-27 03:00:08+08:00,2,2
Bacolod,2026-01-27 03:00:06+08:00,2026-01-27 04:00:06+08:00,2,2
Bacolod,2026-01-27 04:00:08+08:00,2026-01-27 05:00:08+08:00,2,2
Bacolod,2026-01-27 05:00:07+08:00,2026-01-27 06:00:07+08:00,2,2
Bacolod,2026-01-27 06:00:07+08:00,2026-01-27 07:00:07+08:00,2,2
Bacolod,2026-01-27 07:00:08+08:00,2026-01-27 08:00:08+08:00,2,2
Bacolod,2026-01-27 08:00:07+08:00,2026-01-27 09:00:07+08:00,2,2
Bacolod,2026-01-27 09:00:06+08:00,2026-01-27 10:00:06+08:00,2,2
Bacolod,2026-01-27 10:00:06+08:00,2026-01-27 11:00:06+08:00,2,2
Bacolod,2026-01-27 11:00:05+08:00,2026-01-27 12:00:05+08:00,2,2
Bacolod,2026-01-27 12:00:07+08:00,2026-01-27 13:00:07+08:00,2,2
Bacolod,2026-01-27 13:00:07+08:00,2026-01-27 14:00:07+08:00,2,2
Bacolod,2026-01-27 14:00:07+08:00,2026-01-27 15:00:07+08:00,2,2
Bacolod,2026-01-27 15:00:06+08:00,2026-01-27 16:00:06+08:00,2,2
Bacolod,2026-01-27 16:00:06+08:00,2026-01-27 17:00:06+08:00,2,2
Bacolod,2026-01-27 17:00:06+08:00,2026-01-27 18:00:06+08:00,2,2
Bacolod,2026-01-27 18:00:07+08:00,2026-01-27 19:00:07+08:00,2,2
Bacolod,2026-01-27 19:00:06+08:00,2026-01-27 20:00:06+08:00,2,2
Bacolod,2026-01-27 20:00:07+08:00,2026-01-27 21:00:07+08:00,2,2
Bacolod,2026-01-27 21:00:07+08:00,2026-01-27 22:00:07+08:00,2,2
Bacolod,2026-01-27 22:00:08+08:00,2026-01-27 23:00:08+08:00,2,2
Bacolod,2026-01-27 23:00:06+08:00,2026-01-28 00:00:06+08:00,2,2
Bacolod,2026-01-28 00:00:06+08:00,2026-01-28 01:00:06+08:00,2,2
Bacolod,2026-01-28 01:00:06+08:00,2026-01-28 02:00:06+08:00,2,2
Bacolod,2026-01-28 02:00:07+08:00,2026-01-28 03:00:07+08:00,2,2
Bacolod,2026-01-28 03:00:06+08:00,2026-01-28 04:00:06+08:00,2,2
Bacolod,2026-01-28 04:00:06+08:00,2026-01-28 05:00:06+08:00,2,2
Bacolod,2026-01-28 05:00:08+08:00,2026-01-28 06:00:08+08:00,2,2
Bacolod,2026-01-28 06:00:07+08:00,2026-01-28 07:00:07+08:00,2,2
Bacolod,2026-01-28 07:00:07+08:00,2026-01-28 08:00:07+08:00,2,2
Bacolod,2026-01-28 08:00:07+08:00,2026-01-28 09:00:07+08:00,2,2
Bacolod,2026-01-28 09:00:06+08:00,2026-01-28 10:00:06+08:00,2,2
Bacolod,2026-01-28 10:00:07+08:00,2026-01-28 11:00:07+08:00,2,2
Bacolod,2026-01-28 11:00:07+08:00,2026-01-28 12:00:07+08:00,2,2
Bacolod,2026-01-28 12:00:06+08:00,2026-01-28 13:00:06+08:00,2,2
Bacolod,2026-01-28 13:00:08+08:00,2026-01-28 14:00:08+08:00,2,2
Bacolod,2026-01-28 14:00:05+08:00,2026-01-28 15:00:05+08:00,2,2
Bacolod,2026-01-28 15:00:07+08:00,2026-01-28 16:00:07+08:00,2,2
Bacolod,2026-01-28 16:00:07+08:00,2026-01-28 17:00:07+08:00,2,2
Bacolod,2026-01-28 17:00:06+08:00,2026-01-28 18:00:06+08:00,2,2
Bacolod,2026-01-28 18:00:06+08:00,2026-01-28 19:00:06+08:00,2,2
Bacolod,2026-01-28 19:00:07+08:00,2026-01-28 20:00:07+08:00,2,2
Bacolod,2026-01-28 20:00:07+08:00,2026-01-28 21:00:07+08:00,2,2
Bacolod,2026-01-28 21:00:08+08:00,2026-01-28 22:00:08+08:00,2,2
Bacolod,2026-01-28 22:00:07+08:00,2026-01-28 23:00:07+08:00,2,2
Bacolod,2026-01-28 23:00:06+08:00,2026-01-29 00:00:06+08:00,2,2
Bacolod,2026-01-29 00:00:07+08:00,2026-01-29 01:00:07+08:00,2,2
Bacolod,2026-01-29 01:00:07+08:00,2026-01-29 02:00:07+08:00,2,2
Bacolod,2026-01-29 02:00:06+08:00,2026-01-29 03:00:06+08:00,2,2
Bacolod,2026-01-29 03:00:07+08:00,2026-01-29 04:00:07+08:00,2,2
Bacolod,2026-01-29 04:00:05+08:00,2026-01-29 05:00:05+08:00,2,2
Bacolod,2026-01-29 05:00:06+08:00,2026-01-29 06:00:06+08:00,2,2
Bacolod,2026-01-29 06:00:06+08:00,2026-01-29 07:00:06+08:00,2,2
Bacolod,2026-01-29 07:00:07+08:00,2026-01-29 08:00:07+08:00,2,2
Bacolod,2026-01-29 08:00:07+08:00,2026-01-29 09:00:07+08:00,2,2
Bacolod,2026-01-29 09:00:06+08:00,2026-01-29 10:00:06+08:00,2,2
Bacolod,2026-01-29 10:00:08+08:00,2026-01-29 11:00:08+08:00,2,2
Bacolod,2026-01-29 11:00:06+08:00,2026-01-29 12:00:06+08:00,2,2
Bacolod,2026-01-29 12:00:06+08:00,2026-01-29 13:00:06+08:00,2,2
Bacolod,2026-01-29 13:00:06+08:00,2026-01-29 14:00:06+08:00,2,2
Bacolod,2026-01-29 14:00:07+08:00,2026-01-29 15:00:07+08:00,2,2
Bacolod,2026-01-29 15:00:06+08:00,2026-01-29 16:00:06+08:00,2,2
Bacolod,2026-01-29 16:00:05+08:00,2026-01-29 17:00:05+08:00,2,2
Bacolod,2026-01-29 17:00:08+08:00,2026-01-29 18:00:08+08:00,2,2
Bacolod,2026-01-29 18:00:07+08:00,2026-01-29 19:00:07+08:00,2,2
Bacolod,2026-01-29 19:00:07+08:00,2026-01-29 20:00:07+08:00,2,2
Bacolod,2026-01-29 20:00:08+08:00,2026-01-29 21:00:08+08:00,2,2
Bacolod,2026-01-29 21:00:09+08:00,2026-01-29 22:00:09+08:00,2,2
Bacolod,2026-01-29 22:00:07+08:00,2026-01-29 23:00:07+08:00,2,2
Bacolod,2026-01-29 23:00:07+08:00,2026-01-30 00:00:07+08:00,2,2
Bacolod,2026-01-30 00:00:08+08:00,2026-01-30 01:00:08+08:00,2,2
Bacolod,2026-01-30 01:00:07+08:00,2026-01-30 02:00:07+08:00,2,2
Bacolod,2026-01-30 02:00:07+08:00,2026-01-30 03:00:07+08:00,2,2
Bacolod,2026-01-30 03:00:06+08:00,2026-01-30 04:00:06+08:00,2,2
Bacolod,2026-01-30 04:00:05+08:00,2026-01-30 05:00:05+08:00,2,2
Bacolod,2026-01-30 05:00:07+08:00,2026-01-30 06:00:07+08:00,2,2
Bacolod,2026-01-30 06:00:06+08:00,2026-01-30 07:00:06+08:00,2,2
Bacolod,2026-01-30 07:00:08+08:00,2026-01-30 08:00:08+08:00,2,2
Bacolod,2026-01-30 08:00:07+08:00,2026-01-30 09:00:07+08:00,2,2
Bacolod,2026-01-30 09:00:06+08:00,2026-01-30 10:00:06+08:00,2,2
Bacolod,2026-01-30 10:00:07+08:00,2026-01-30 11:00:07+08:00,2,2
Bacolod,2026-01-30 11:07:03+08:00,2026-01-30 12:07:03+08:00,2,2
Bacolod,2026-01-30 12:00:06+08:00,2026-01-30 13:00:06+08:00,2,2
Bacolod,2026-01-30 13:00:06+08:00,2026-01-30 14:00:06+08:00,2,2
Bacolod,2026-01-30 14:00:06+08:00,2026-01-30 15:00:06+08:00,2,2
Bacolod,2026-01-30 15:00:06+08:00,2026-01-30 16:00:06+08:00,2,2
Bacolod,2026-01-30 16:00:08+08:00,2026-01-30 17:00:08+08:00,2,2
Bacolod,2026-01-30 17:00:06+08:00,2026-01-30 18:00:06+08:00,2,2
Bacolod,2026-01-30 18:00:06+08:00,2026-01-30 19:00:06+08:00,2,2
Bacolod,2026-01-30 19:00:08+08:00,2026-01-30 20:00:08+08:00,2,2
Bacolod,2026-01-30 20:00:06+08:00,2026-01-30 21:00:06+08:00,2,2
Bacolod,2026-01-30 21:00:06+08:00,2026-01-30 22:00:06+08:00,2,2
Bacolod,2026-01-30 22:00:07+08:00,2026-01-30 23:00:07+08:00,2,2
Bacolod,2026-01-30 23:00:08+08:00,2026-01-31 00:00:08+08:00,2,2
Bacolod,2026-01-31 00:00:08+08:00,2026-01-31 01:00:08+08:00,2,2
Bacolod,2026-01-31 01:00:06+08:00,2026-01-31 02:00:06+08:00,2,2
Bacolod,2026-01-31 02:00:07+08:00,2026-01-31 03:00:07+08:00,2,2
Bacolod,2026-01-31 03:00:06+08:00,2026-01-31 04:00:06+08:00,2,2
Bacolod,2026-01-31 04:00:08+08:00,2026-01-31 05:00:08+08:00,2,2
Bacolod,2026-01-31 05:00:05+08:00,2026-01-31 06:00:05+08:00,2,2
Bacolod,2026-01-31 06:00:06+08:00,2026-01-31 07:00:06+08:00,2,2
Bacolod,2026-01-31 07:00:08+08:00,2026-01-31 08:00:08+08:00,2,2
Bacolod,2026-01-31 08:00:06+08:00,2026-01-31 09:00:06+08:00,2,2
Bacolod,2026-01-31 09:00:08+08:00,2026-01-31 10:00:08+08:00,2,2
Bacolod,2026-01-31 10:00:06+08:00,2026-01-31 11:00:06+08:00,2,2
Bacolod,2026-01-31 11:00:07+08:00,2026-01-31 12:00:07+08:00,2,2
Bacolod,2026-01-31 12:00:06+08:00,2026-01-31 13:00:06+08:00,2,2
Bacolod,2026-01-31 13:00:06+08:00,2026-01-31 14:00:06+08:00,2,2
Bacolod,2026-01-31 14:00:07+08:00,2026-01-31 15:00:07+08:00,2,2
Bacolod,2026-01-31 15:00:07+08:00,2026-01-31 16:00:07+08:00,2,2
Bacolod,2026-01-31 16:00:08+08:00,2026-01-31 17:00:08+08:00,2,2
Bacolod,2026-01-31 17:00:07+08:00,2026-01-31 18:00:07+08:00,2,2
Bacolod,2026-01-31 18:00:06+08:00,2026-01-31 19:00:06+08:00,2,2
Bacolod,2026-01-31 19:00:07+08:00,2026-01-31 20:00:07+08:00,2,2
Bacolod,2026-01-31 20:00:07+08:00,2026-01-31 21:00:07+08:00,2,2
Bacolod,2026-01-31 21:00:06+08:00,2026-01-31 22:00:06+08:00,2,2
Bacolod,2026-01-31 22:00:07+08:00,2026-01-31 23:00:07+08:00,2,2
Cagayan de Oro,2026-01-25 22:00:54+08:00,2026-01-25 23:00:54+08:00,1,1
Cagayan de Oro,2026-01-25 23:00:52+08:00,2026-01-26 00:00:52+08:00,1,1
Cagayan de Oro,2026-01-26 00:01:47+08:00,2026-01-26 01:01:47+08:00,1,1
Cagayan de Oro,2026-01-26 01:00:50+08:00,2026-01-26 02:00:50+08:00,1,1
Cagayan de Oro,2026-01-26 02:00:50+08:00,2026-01-26 03:00:50+08:00,1,1
Cagayan de Oro,2026-01-26 03:00:49+08:00,2026-01-26 04:00:49+08:00,1,1
Cagayan de Oro,2026-01-26 04:00:50+08:00,2026-01-26 05:00:50+08:00,1,1
Cagayan de Oro,2026-01-26 05:00:47+08:00,2026-01-26 06:00:47+08:00,1,1
Cagayan de Oro,2026-01-26 06:00:53+08:00,2026-01-26 07:00:53+08:00,1,1
Cagayan de Oro,2026-01-26 07:00:52+08:00,2026-01-26 08:00:52+08:00,1,1
Cagayan de Oro,2026-01-26 08:00:43+08:00,2026-01-26 09:00:43+08:00,2,1
Cagayan de Oro,2026-01-26 09:00:50+08:00,2026-01-26 10:00:50+08:00,2,2
Cagayan de Oro,2026-01-26 10:00:52+08:00,2026-01-26 11:00:52+08:00,2,2
Cagayan de Oro,2026-01-26 11:01:01+08:00,2026-01-26 12:01:01+08:00,2,2
Cagayan de Oro,2026-01-26 12:00:50+08:00,2026-01-26 13:00:50+08:00,2,2
Cagayan de Oro,2026-01-26 13:00:46+08:00,2026-01-26 14:00:46+08:00,2,2
Cagayan de Oro,2026-01-26 14:00:51+08:00,2026-01-26 15:00:51+08:00,2,2
Cagayan de Oro,2026-01-26 15:00:50+08:00,2026-01-26 16:00:50+08:00,2,2
Cagayan de Oro,2026-01-26 16:00:47+08:00,2026-01-26 17:00:47+08:00,2,2
Cagayan de Oro,2026-01-26 17:00:51+08:00,2026-01-26 18:00:51+08:00,2,2
Cagayan de Oro,2026-01-26 18:00:50+08:00,2026-01-26 19:00:50+08:00,2,2
Cagayan de Oro,2026-01-26 19:51:25+08:00,2026-01-26 20:51:25+08:00,1,1
Cagayan de Oro,2026-01-26 21:00:52+08:00,2026-01-26 22:00:52+08:00,1,1
Cagayan de Oro,2026-01-26 22:00:47+08:00,2026-01-26 23:00:47+08:00,1,1
Cagayan de Oro,2026-01-27 00:01:14+08:00,2026-01-27 01:01:14+08:00,1,1
Cagayan de Oro,2026-01-27 01:00:46+08:00,2026-01-27 02:00:46+08:00,1,1
Cagayan de Oro,2026-01-27 02:00:51+08:00,2026-01-27 03:00:51+08:00,1,1
Cagayan de Oro,2026-01-27 03:00:49+08:00,2026-01-27 04:00:49+08:00,1,1
Cagayan de Oro,2026-01-27 04:52:08+08:00,2026-01-27 05:52:08+08:00,1,1
Cagayan de Oro,2026-01-27 05:51:22+08:00,2026-01-27 06:51:22+08:00,1,1
Cagayan de Oro,2026-01-27 07:00:52+08:00,2026-01-27 08:00:52+08:00,2,1
Cagayan de Oro,2026-01-27 09:00:50+08:00,2026-01-27 10:00:50+08:00,2,2
Cagayan de Oro,2026-01-27 10:00:46+08:00,2026-01-27 11:00:46+08:00,2,2
Cagayan de Oro,2026-01-27 11:00:49+08:00,2026-01-27 12:00:49+08:00,2,2
Cagayan de Oro,2026-01-27 13:00:47+08:00,2026-01-27 14:00:47+08:00,2,2
Cagayan de Oro,2026-01-27 14:00:51+08:00,2026-01-27 15:00:51+08:00,2,2
Cagayan de Oro,2026-01-27 15:00:51+08:00,2026-01-27 16:00:51+08:00,2,2
Cagayan de Oro,2026-01-27 17:00:55+08:00,2026-01-27 18:00:55+08:00,2,2
Cagayan de Oro,2026-01-27 18:01:22+08:00,2026-01-27 19:01:22+08:00,1,2
Cagayan de Oro,2026-01-27 19:00:53+08:00,2026-01-27 20:00:53+08:00,1,1
Cagayan de Oro,2026-01-27 20:00:56+08:00,2026-01-27 21:00:56+08:00,1,1
Cagayan de Oro,2026-01-27 21:00:48+08:00,2026-01-27 22:00:48+08:00,1,1
Cagayan de Oro,2026-01-27 22:00:51+08:00,2026-01-27 23:00:51+08:00,1,1
Cagayan de Oro,2026-01-27 23:00:51+08:00,2026-01-28 00:00:51+08:00,1,1
Cagayan de Oro,2026-01-28 00:00:49+08:00,2026-01-28 01:00:49+08:00,1,1
Cagayan de Oro,2026-01-28 01:00:47+08:00,2026-01-28 02:00:47+08:00,1,1
Cagayan de Oro,2026-01-28 02:00:47+08:00,2026-01-28 03:00:47+08:00,1,1
Cagayan de Oro,2026-01-28 03:00:52+08:00,2026-01-28 04:00:52+08:00,1,1
Cagayan de Oro,2026-01-28 05:00:53+08:00,2026-01-28 06:00:53+08:00,1,1
Cagayan de Oro,2026-01-28 06:00:50+08:00,2026-01-28 07:00:50+08:00,1,1
Cagayan de Oro,2026-01-28 07:00:50+08:00,2026-01-28 08:00:50+08:00,1,1
Cagayan de Oro,2026-01-28 08:01:01+08:00,2026-01-28 09:01:01+08:00,1,1
Cagayan de Oro,2026-01-28 09:00:46+08:00,2026-01-28 10:00:46+08:00,2,2
Cagayan de Oro,2026-01-28 10:00:48+08:00,2026-01-28 11:00:48+08:00,2,2
Cagayan de Oro,2026-01-28 11:00:49+08:00,2026-01-28 12:00:49+08:00,2,2
Cagayan de Oro,2026-01-28 12:00:48+08:00,2026-01-28 13:00:48+08:00,2,2
Cagayan de Oro,2026-01-28 13:00:50+08:00,2026-01-28 14:00:50+08:00,2,2
Cagayan de Oro,2026-01-28 15:00:52+08:00,2026-01-28 16:00:52+08:00,2,2
Cagayan de Oro,2026-01-28 16:00:54+08:00,2026-01-28 17:00:54+08:00,2,2
Cagayan de Oro,2026-01-28 17:00:46+08:00,2026-01-28 18:00:46+08:00,2,2
Cagayan de Oro,2026-01-28 18:00:50+08:00,2026-01-28 19:00:50+08:00,2,2
Cagayan de Oro,2026-01-28 19:00:51+08:00,2026-01-28 20:00:51+08:00,2,2
Cagayan de Oro,2026-01-28 20:00:53+08:00,2026-01-28 21:00:53+08:00,2,2
Cagayan de Oro,2026-01-28 21:00:54+08:00,2026-01-28 22:00:54+08:00,1,1
Cagayan de Oro,2026-01-28 23:00:51+08:00,2026-01-29 00:00:51+08:00,1,1
Cagayan de Oro,2026-01-29 00:00:47+08:00,2026-01-29 01:00:47+08:00,1,1
Cagayan de Oro,2026-01-29 02:00:50+08:00,2026-01-29 03:00:50+08:00,1,1
Cagayan de Oro,2026-01-29 03:00:49+08:00,2026-01-29 04:00:49+08:00,1,1
Cagayan de Oro,2026-01-29 05:00:49+08:00,2026-01-29 06:00:49+08:00,1,1
Cagayan de Oro,2026-01-29 07:00:51+08:00,2026-01-29 08:00:51+08:00,1,1
Cagayan de Oro,2026-01-29 08:00:49+08:00,2026-01-29 09:00:49+08:00,2,1
Cagayan de Oro,2026-01-29 10:00:52+08:00,2026-01-29 11:00:52+08:00,2,2
Cagayan de Oro,2026-01-29 11:00:52+08:00,2026-01-29 12:00:52+08:00,2,2
Cagayan de Oro,2026-01-29 12:00:47+08:00,2026-01-29 13:00:47+08:00,2,2
Cagayan de Oro,2026-01-29 14:00:51+08:00,2026-01-29 15:00:51+08:00,2,2
Cagayan de Oro,2026-01-29 15:00:47+08:00,2026-01-29 16:00:47+08:00,2,2
Cagayan de Oro,2026-01-29 17:00:50+08:00,2026-01-29 18:00:50+08:00,2,2
Cagayan de Oro,2026-01-29 18:00:49+08:00,2026-01-29 19:00:49+08:00,1,2
Cagayan de Oro,2026-01-29 20:00:54+08:00,2026-01-29 21:00:54+08:00,1,1
Cagayan de Oro,2026-01-29 21:00:55+08:00,2026-01-29 22:00:55+08:00,1,1
Cagayan de Oro,2026-01-29 22:00:50+08:00,2026-01-29 23:00:50+08:00,1,1
Cagayan de Oro,2026-01-29 23:51:17+08:00,2026-01-30 00:51:17+08:00,1,1
Cagayan de Oro,2026-01-30 01:00:53+08:00,2026-01-30 02:00:53+08:00,1,1
Cagayan de Oro,2026-01-30 02:00:53+08:00,2026-01-30 03:00:53+08:00,1,1
Cagayan de Oro,2026-01-30 03:00:50+08:00,2026-01-30 04:00:50+08:00,1,1
Cagayan de Oro,2026-01-30 04:00:49+08:00,2026-01-30 05:00:49+08:00,1,1
Cagayan de Oro,2026-01-30 05:00:50+08:00,2026-01-30 06:00:50+08:00,1,1
Cagayan de Oro,2026-01-30 06:51:19+08:00,2026-01-30 07:51:19+08:00,1,1
Cagayan de Oro,2026-01-30 08:01:03+08:00,2026-01-30 09:01:03+08:00,2,1
Cagayan de Oro,2026-01-30 10:00:54+08:00,2026-01-30 11:00:54+08:00,2,2
Cagayan de Oro,2026-01-30 11:06:24+08:00,2026-01-30 12:06:24+08:00,2,2
Cagayan de Oro,2026-01-30 12:00:49+08:00,2026-01-30 13:00:49+08:00,2,2
Cagayan de Oro,2026-01-30 13:00:50+08:00,2026-01-30 14:00:50+08:00,2,2
Cagayan de Oro,2026-01-30 14:00:47+08:00,2026-01-30 15:00:47+08:00,2,2
Cagayan de Oro,2026-01-30 15:00:52+08:00,2026-01-30 16:00:52+08:00,2,2
Cagayan de Oro,2026-01-30 16:00:52+08:00,2026-01-30 17:00:52+08:00,2,2
Cagayan de Oro,2026-01-30 17:00:48+08:00,2026-01-30 18:00:48+08:00,2,2
Cagayan de Oro,2026-01-30 19:00:49+08:00,2026-01-30 20:00:49+08:00,2,2
Cagayan de Oro,2026-01-30 20:00:49+08:00,2026-01-30 21:00:49+08:00,2,2
Cagayan de Oro,2026-01-30 21:00:48+08:00,2026-01-30 22:00:48+08:00,1,2
Cagayan de Oro,2026-01-30 22:00:48+08:00,2026-01-30 23:00:48+08:00,1,1
Cagayan de Oro,2026-01-30 23:51:55+08:00,2026-01-31 00:51:55+08:00,1,1
Cagayan de Oro,2026-01-31 01:00:49+08:00,2026-01-31 02:00:49+08:00,1,1
Cagayan de Oro,2026-01-31 02:00:52+08:00,2026-01-31 03:00:52+08:00,1,1
Cagayan de Oro,2026-01-31 03:00:52+08:00,2026-01-31 04:00:52+08:00,1,1
Cagayan de Oro,2026-01-31 04:00:50+08:00,2026-01-31 05:00:50+08:00,1,1
Cagayan de Oro,2026-01-31 05:00:45+08:00,2026-01-31 06:00:45+08:00,1,1
Cagayan de Oro,2026-01-31 06:00:47+08:00,2026-01-31 07:00:47+08:00,1,1
Cagayan de Oro,2026-01-31 07:00:55+08:00,2026-01-31 08:00:55+08:00,1,1
Cagayan de Oro,2026-01-31 08:00:48+08:00,2026-01-31 09:00:48+08:00,2,1
Cagayan de Oro,2026-01-31 09:01:22+08:00,2026-01-31 10:01:22+08:00,2,2
Cagayan de Oro,2026-01-31 10:00:49+08:00,2026-01-31 11:00:49+08:00,2,2
Cagayan de Oro,2026-01-31 11:00:51+08:00,2026-01-31 12:00:51+08:00,2,2
Cagayan de Oro,2026-01-31 12:00:48+08:00,2026-01-31 13:00:48+08:00,2,2
Cagayan de Oro,2026-01-31 13:00:54+08:00,2026-01-31 14:00:54+08:00,2,2
Cagayan de Oro,2026-01-31 14:00:47+08:00,2026-01-31 15:00:47+08:00,2,2
Cagayan de Oro,2026-01-31 15:00:50+08:00,2026-01-31 16:00:50+08:00,2,2
Cagayan de Oro,2026-01-31 16:00:55+08:00,2026-01-31 17:00:55+08:00,2,2
Cagayan de Oro,2026-01-31 17:00:49+08:00,2026-01-31 18:00:49+08:00,2,2
Cagayan de Oro,2026-01-31 18:00:47+08:00,2026-01-31 19:00:47+08:00,1,2
Cagayan de Oro,2026-01-31 19:00:53+08:00,2026-01-31 20:00:53+08:00,1,1
Cagayan de Oro,2026-01-31 21:00:50+08:00,2026-01-31 22:00:50+08:00,1,1
Cagayan de Oro,2026-01-31 22:00:50+08:00,2026-01-31 23:00:50+08:00,1,1
Cebu City,2026-01-25 22:01:24+08:00,2026-01-25 23:01:24+08:00,2,2
Cebu City,2026-01-25 23:01:22+08:00,2026-01-26 00:01:22+08:00,2,2
Cebu City,2026-01-26 00:02:32+08:00,2026-01-26 01:02:32+08:00,2,2
Cebu City,2026-01-26 01:01:19+08:00,2026-01-26 02:01:19+08:00,2,2
Cebu City,2026-01-26 02:01:16+08:00,2026-01-26 03:01:16+08:00,2,2
Cebu City,2026-01-26 03:01:14+08:00,2026-01-26 04:01:14+08:00,2,2
Cebu City,2026-01-26 04:01:18+08:00,2026-01-26 05:01:18+08:00,2,2
Cebu City,2026-01-26 05:01:12+08:00,2026-01-26 06:01:12+08:00,2,2
Cebu City,2026-01-26 06:01:22+08:00,2026-01-26 07:01:22+08:00,2,2
Cebu City,2026-01-26 07:01:18+08:00,2026-01-26 08:01:18+08:00,2,2
Cebu City,2026-01-26 08:01:09+08:00,2026-01-26 09:01:09+08:00,2,2
Cebu City,2026-01-26 09:01:16+08:00,2026-01-26 10:01:16+08:00,2,2
Cebu City,2026-01-26 10:01:19+08:00,2026-01-26 11:01:19+08:00,2,2
Cebu City,2026-01-26 11:01:25+08:00,2026-01-26 12:01:25+08:00,2,2
Cebu City,2026-01-26 12:01:19+08:00,2026-01-26 13:01:19+08:00,2,2
Cebu City,2026-01-26 13:01:12+08:00,2026-01-26 14:01:12+08:00,2,2
Cebu City,2026-01-26 14:01:17+08:00,2026-01-26 15:01:17+08:00,2,2
Cebu City,2026-01-26 15:01:18+08:00,2026-01-26 16:01:18+08:00,2,2
Cebu City,2026-01-26 16:01:14+08:00,2026-01-26 17:01:14+08:00,2,2
Cebu City,2026-01-26 17:01:17+08:00,2026-01-26 18:01:17+08:00,2,2
Cebu City,2026-01-26 18:01:20+08:00,2026-01-26 19:01:20+08:00,2,2
Cebu City,2026-01-26 19:01:13+08:00,2026-01-26 20:01:13+08:00,2,2
Cebu City,2026-01-26 20:01:16+08:00,2026-01-26 21:01:16+08:00,2,2
Cebu City,2026-01-26 21:01:19+08:00,2026-01-26 22:01:19+08:00,2,2
Cebu City,2026-01-26 22:01:16+08:00,2026-01-26 23:01:16+08:00,2,2
Cebu City,2026-01-26 23:01:20+08:00,2026-01-27 00:01:20+08:00,2,2
Cebu City,2026-01-27 00:01:42+08:00,2026-01-27 01:01:42+08:00,2,2
Cebu City,2026-01-27 01:01:13+08:00,2026-01-27 02:01:13+08:00,2,2
Cebu City,2026-01-27 02:01:19+08:00,2026-01-27 03:01:19+08:00,2,2
Cebu City,2026-01-27 03:01:16+08:00,2026-01-27 04:01:16+08:00,2,2
Cebu City,2026-01-27 04:01:20+08:00,2026-01-27 05:01:20+08:00,2,2
Cebu City,2026-01-27 05:01:13+08:00,2026-01-27 06:01:13+08:00,2,2
Cebu City,2026-01-27 06:01:16+08:00,2026-01-27 07:01:16+08:00,2,2
Cebu City,2026-01-27 07:01:19+08:00,2026-01-27 08:01:19+08:00,2,2
Cebu City,2026-01-27 08:01:16+08:00,2026-01-27 09:01:16+08:00,2,1
Cebu City,2026-01-27 09:01:19+08:00,2026-01-27 10:01:19+08:00,2,2
Cebu City,2026-01-27 10:01:14+08:00,2026-01-27 11:01:14+08:00,2,2
Cebu City,2026-01-27 11:01:17+08:00,2026-01-27 12:01:17+08:00,2,2
Cebu City,2026-01-27 12:01:11+08:00,2026-01-27 13:01:11+08:00,2,2
Cebu City,2026-01-27 13:01:16+08:00,2026-01-27 14:01:16+08:00,2,2
Cebu City,2026-01-27 14:01:20+08:00,2026-01-27 15:01:20+08:00,2,2
Cebu City,2026-01-27 15:01:17+08:00,2026-01-27 16:01:17+08:00,2,2
Cebu City,2026-01-27 16:01:17+08:00,2026-01-27 17:01:17+08:00,2,2
Cebu City,2026-01-27 17:01:33+08:00,2026-01-27 18:01:33+08:00,2,2
Cebu City,2026-01-27 18:01:54+08:00,2026-01-27 19:01:54+08:00,2,2
Cebu City,2026-01-27 19:01:22+08:00,2026-01-27 20:01:22+08:00,2,2
Cebu City,2026-01-27 20:01:25+08:00,2026-01-27 21:01:25+08:00,2,2
Cebu City,2026-01-27 21:01:18+08:00,2026-01-27 22:01:18+08:00,2,2
Cebu City,2026-01-27 22:01:19+08:00,2026-01-27 23:01:19+08:00,2,2
Cebu City,2026-01-27 23:01:20+08:00,2026-01-28 00:01:20+08:00,2,2
Cebu City,2026-01-28 00:01:16+08:00,2026-01-28 01:01:16+08:00,2,2
Cebu City,2026-01-28 01:01:13+08:00,2026-01-28 02:01:13+08:00,2,2
Cebu City,2026-01-28 02:01:13+08:00,2026-01-28 03:01:13+08:00,2,2
Cebu City,2026-01-28 03:01:19+08:00,2026-01-28 04:01:19+08:00,2,2
Cebu City,2026-01-28 04:01:16+08:00,2026-01-28 05:01:16+08:00,2,2
Cebu City,2026-01-28 05:01:24+08:00,2026-01-28 06:01:24+08:00,2,2
Cebu City,2026-01-28 06:01:15+08:00,2026-01-28 07:01:15+08:00,2,2
Cebu City,2026-01-28 07:01:16+08:00,2026-01-28 08:01:16+08:00,2,2
Cebu City,2026-01-28 08:01:28+08:00,2026-01-28 09:01:28+08:00,2,2
Cebu City,2026-01-28 09:01:14+08:00,2026-01-28 10:01:14+08:00,2,2
Cebu City,2026-01-28 10:01:19+08:00,2026-01-28 11:01:19+08:00,2,2
Cebu City,2026-01-28 11:01:13+08:00,2026-01-28 12:01:13+08:00,2,2
Cebu City,2026-01-28 12:01:14+08:00,2026-01-28 13:01:14+08:00,2,2
Cebu City,2026-01-28 13:01:19+08:00,2026-01-28 14:01:19+08:00,2,2
Cebu City,2026-01-28 14:01:15+08:00,2026-01-28 15:01:15+08:00,2,2
Cebu City,2026-01-28 15:01:21+08:00,2026-01-28 16:01:21+08:00,2,2
Cebu City,2026-01-28 16:01:20+08:00,2026-01-28 17:01:20+08:00,2,2
Cebu City,2026-01-28 17:01:15+08:00,2026-01-28 18:01:15+08:00,2,2
Cebu City,2026-01-28 18:01:17+08:00,2026-01-28 19:01:17+08:00,2,2
Cebu City,2026-01-28 19:01:20+08:00,2026-01-28 20:01:20+08:00,2,2
Cebu City,2026-01-28 20:01:23+08:00,2026-01-28 21:01:23+08:00,2,2
Cebu City,2026-01-28 21:01:24+08:00,2026-01-28 22:01:24+08:00,2,2
Cebu City,2026-01-28 22:01:19+08:00,2026-01-28 23:01:19+08:00,2,2
Cebu City,2026-01-28 23:01:18+08:00,2026-01-29 00:01:18+08:00,2,2
Cebu City,2026-01-29 00:01:15+08:00,2026-01-29 01:01:15+08:00,2,2
Cebu City,2026-01-29 01:01:17+08:00,2026-01-29 02:01:17+08:00,2,2
Cebu City,2026-01-29 02:01:20+08:00,2026-01-29 03:01:20+08:00,2,2
Cebu City,2026-01-29 03:01:15+08:00,2026-01-29 04:01:15+08:00,2,2
Cebu City,2026-01-29 04:01:13+08:00,2026-01-29 05:01:13+08:00,2,2
Cebu City,2026-01-29 05:01:15+08:00,2026-01-29 06:01:15+08:00,2,2
Cebu City,2026-01-29 06:01:12+08:00,2026-01-29 07:01:12+08:00,2,2
Cebu City,2026-01-29 07:01:19+08:00,2026-01-29 08:01:19+08:00,2,2
Cebu City,2026-01-29 08:01:15+08:00,2026-01-29 09:01:15+08:00,2,2
Cebu City,2026-01-29 09:01:16+08:00,2026-01-29 10:01:16+08:00,2,2
Cebu City,2026-01-29 10:01:17+08:00,2026-01-29 11:01:17+08:00,2,2
Cebu City,2026-01-29 11:01:20+08:00,2026-01-29 12:01:20+08:00,2,2
Cebu City,2026-01-29 12:01:12+08:00,2026-01-29 13:01:12+08:00,2,2
Cebu City,2026-01-29 13:01:16+08:00,2026-01-29 14:01:16+08:00,2,2
Cebu City,2026-01-29 14:01:19+08:00,2026-01-29 15:01:19+08:00,2,2
Cebu City,2026-01-29 15:01:16+08:00,2026-01-29 16:01:16+08:00,2,2
Cebu City,2026-01-29 16:01:15+08:00,2026-01-29 17:01:15+08:00,2,2
Cebu City,2026-01-29 17:01:18+08:00,2026-01-29 18:01:18+08:00,2,2
Cebu City,2026-01-29 18:01:15+08:00,2026-01-29 19:01:15+08:00,2,2
Cebu City,2026-01-29 20:01:22+08:00,2026-01-29 21:01:22+08:00,2,2
Cebu City,2026-01-29 21:01:25+08:00,2026-01-29 22:01:25+08:00,2,2
Cebu City,2026-01-29 22:01:18+08:00,2026-01-29 23:01:18+08:00,2,2
Cebu City,2026-01-29 23:01:20+08:00,2026-01-30 00:01:20+08:00,2,2
Cebu City,2026-01-30 00:01:22+08:00,2026-01-30 01:01:22+08:00,2,2
Cebu City,2026-01-30 01:01:21+08:00,2026-01-30 02:01:21+08:00,2,2
Cebu City,2026-01-30 02:01:21+08:00,2026-01-30 03:01:21+08:00,2,2
Cebu City,2026-01-30 03:01:19+08:00,2026-01-30 04:01:19+08:00,2,2
Cebu City,2026-01-30 04:01:16+08:00,2026-01-30 05:01:16+08:00,2,2
Cebu City,2026-01-30 05:01:19+08:00,2026-01-30 06:01:19+08:00,2,2
Cebu City,2026-01-30 06:01:16+08:00,2026-01-30 07:01:16+08:00,2,2
Cebu City,2026-01-30 07:01:18+08:00,2026-01-30 08:01:18+08:00,2,2
Cebu City,2026-01-30 08:01:29+08:00,2026-01-30 09:01:29+08:00,2,2
Cebu City,2026-01-30 09:01:18+08:00,2026-01-30 10:01:18+08:00,2,2
Cebu City,2026-01-30 10:01:22+08:00,2026-01-30 11:01:22+08:00,2,2
Cebu City,2026-01-30 11:01:41+08:00,2026-01-30 12:01:41+08:00,2,2
Cebu City,2026-01-30 12:01:18+08:00,2026-01-30 13:01:18+08:00,2,2
Cebu City,2026-01-30 13:01:19+08:00,2026-01-30 14:01:19+08:00,2,2
Cebu City,2026-01-30 14:01:48+08:00,2026-01-30 15:01:48+08:00,2,2
Cebu City,2026-01-30 15:01:22+08:00,2026-01-30 16:01:22+08:00,2,2
Cebu City,2026-01-30 16:01:21+08:00,2026-01-30 17:01:21+08:00,2,2
Cebu City,2026-01-30 17:01:15+08:00,2026-01-30 18:01:15+08:00,2,2
Cebu City,2026-01-30 18:01:19+08:00,2026-01-30 19:01:19+08:00,2,2
Cebu City,2026-01-30 19:01:17+08:00,2026-01-30 20:01:17+08:00,2,2
Cebu City,2026-01-30 20:01:16+08:00,2026-01-30 21:01:16+08:00,2,2
Cebu City,2026-01-30 21:01:19+08:00,2026-01-30 22:01:19+08:00,2,2
Cebu City,2026-01-30 22:01:17+08:00,2026-01-30 23:01:17+08:00,2,2
Cebu City,2026-01-30 23:01:17+08:00,2026-01-31 00:01:17+08:00,2,2
Cebu City,2026-01-31 00:01:44+08:00,2026-01-31 01:01:44+08:00,2,2
Cebu City,2026-01-31 01:01:17+08:00,2026-01-31 02:01:17+08:00,2,2
Cebu City,2026-01-31 02:01:19+08:00,2026-01-31 03:01:19+08:00,2,2
Cebu City,2026-01-31 03:01:22+08:00,2026-01-31 04:01:22+08:00,2,2
Cebu City,2026-01-31 04:01:18+08:00,2026-01-31 05:01:18+08:00,2,2
Cebu City,2026-01-31 05:01:14+08:00,2026-01-31 06:01:14+08:00,2,2
Cebu City,2026-01-31 06:01:14+08:00,2026-01-31 07:01:14+08:00,2,2
Cebu City,2026-01-31 07:01:23+08:00,2026-01-31 08:01:23+08:00,2,2
Cebu City,2026-01-31 08:01:14+08:00,2026-01-31 09:01:14+08:00,2,2
Cebu City,2026-01-31 09:01:51+08:00,2026-01-31 10:01:51+08:00,2,2
Cebu City,2026-01-31 10:01:18+08:00,2026-01-31 11:01:18+08:00,2,2
Cebu City,2026-01-31 11:01:19+08:00,2026-01-31 12:01:19+08:00,2,2
Cebu City,2026-01-31 12:01:14+08:00,2026-01-31 13:01:14+08:00,2,2
Cebu City,2026-01-31 13:01:21+08:00,2026-01-31 14:01:21+08:00,2,2
Cebu City,2026-01-31 14:01:13+08:00,2026-01-31 15:01:13+08:00,2,2
Cebu City,2026-01-31 15:01:19+08:00,2026-01-31 16:01:19+08:00,2,2
Cebu City,2026-01-31 16:01:23+08:00,2026-01-31 17:01:23+08:00,2,2
Cebu City,2026-01-31 17:01:17+08:00,2026-01-31 18:01:17+08:00,2,2
Cebu City,2026-01-31 18:01:15+08:00,2026-01-31 19:01:15+08:00,2,2
Cebu City,2026-01-31 19:01:21+08:00,2026-01-31 20:01:21+08:00,2,2
Cebu City,2026-01-31 20:01:16+08:00,2026-01-31 21:01:16+08:00,2,2
Cebu City,2026-01-31 21:01:20+08:00,2026-01-31 22:01:20+08:00,2,2
Cebu City,2026-01-31 22:01:18+08:00,2026-01-31 23:01:18+08:00,2,2
Davao,2026-01-25 23:00:24+08:00,2026-01-26 00:00:24+08:00,1,1
Davao,2026-01-26 00:02:56+08:00,2026-01-26 01:02:56+08:00,1,1
Davao,2026-01-26 01:01:39+08:00,2026-01-26 02:01:39+08:00,1,1
Davao,2026-01-26 02:01:41+08:00,2026-01-26 03:01:41+08:00,1,1
Davao,2026-01-26 03:01:37+08:00,2026-01-26 04:01:37+08:00,1,1
Davao,2026-01-26 04:01:39+08:00,2026-01-26 05:01:39+08:00,1,1
Davao,2026-01-26 05:01:32+08:00,2026-01-26 06:01:32+08:00,1,1
Davao,2026-01-26 06:01:45+08:00,2026-01-26 07:01:45+08:00,1,1
Davao,2026-01-26 07:01:39+08:00,2026-01-26 08:01:39+08:00,1,1
Davao,2026-01-26 08:01:29+08:00,2026-01-26 09:01:29+08:00,2,1
Davao,2026-01-26 09:01:38+08:00,2026-01-26 10:01:38+08:00,2,2
Davao,2026-01-26 10:01:41+08:00,2026-01-26 11:01:41+08:00,2,2
Davao,2026-01-26 11:01:47+08:00,2026-01-26 12:01:47+08:00,1,2
Davao,2026-01-26 12:01:39+08:00,2026-01-26 13:01:39+08:00,1,1
Davao,2026-01-26 13:01:34+08:00,2026-01-26 14:01:34+08:00,1,1
Davao,2026-01-26 14:01:41+08:00,2026-01-26 15:01:41+08:00,1,1
Davao,2026-01-26 15:01:39+08:00,2026-01-26 16:01:39+08:00,1,1
Davao,2026-01-26 16:01:38+08:00,2026-01-26 17:01:38+08:00,1,1
Davao,2026-01-26 17:01:41+08:00,2026-01-26 18:01:41+08:00,1,1
Davao,2026-01-26 18:00:22+08:00,2026-01-26 19:00:22+08:00,1,1
Davao,2026-01-26 19:00:27+08:00,2026-01-26 20:00:27+08:00,1,1
Davao,2026-01-26 20:00:26+08:00,2026-01-26 21:00:26+08:00,1,1
Davao,2026-01-26 21:01:43+08:00,2026-01-26 22:01:43+08:00,1,1
Davao,2026-01-26 22:01:37+08:00,2026-01-26 23:01:37+08:00,1,1
Davao,2026-01-26 23:01:41+08:00,2026-01-27 00:01:41+08:00,1,1
Davao,2026-01-27 00:02:03+08:00,2026-01-27 01:02:03+08:00,1,1
Davao,2026-01-27 01:01:37+08:00,2026-01-27 02:01:37+08:00,2,1
Davao,2026-01-27 02:01:37+08:00,2026-01-27 03:01:37+08:00,2,1
Davao,2026-01-27 03:01:35+08:00,2026-01-27 04:01:35+08:00,2,2
Davao,2026-01-27 04:00:22+08:00,2026-01-27 05:00:22+08:00,2,2
Davao,2026-01-27 05:00:22+08:00,2026-01-27 06:00:22+08:00,2,2
Davao,2026-01-27 06:01:37+08:00,2026-01-27 07:01:37+08:00,2,2
Davao,2026-01-27 07:00:26+08:00,2026-01-27 08:00:26+08:00,2,2
Davao,2026-01-27 08:00:20+08:00,2026-01-27 09:00:20+08:00,1,2
Davao,2026-01-27 09:01:38+08:00,2026-01-27 10:01:38+08:00,1,2
Davao,2026-01-27 10:01:34+08:00,2026-01-27 11:01:34+08:00,1,1
Davao,2026-01-27 11:01:39+08:00,2026-01-27 12:01:39+08:00,1,1
Davao,2026-01-27 12:00:27+08:00,2026-01-27 13:00:27+08:00,1,1
Davao,2026-01-27 13:01:37+08:00,2026-01-27 14:01:37+08:00,1,1
Davao,2026-01-27 14:01:40+08:00,2026-01-27 15:01:40+08:00,1,1
Davao,2026-01-27 15:01:39+08:00,2026-01-27 16:01:39+08:00,1,1
Davao,2026-01-27 16:00:23+08:00,2026-01-27 17:00:23+08:00,1,1
Davao,2026-01-27 17:01:53+08:00,2026-01-27 18:01:53+08:00,2,1
Davao,2026-01-27 18:02:18+08:00,2026-01-27 19:02:18+08:00,2,2
Davao,2026-01-27 19:01:44+08:00,2026-01-27 20:01:44+08:00,2,2
Davao,2026-01-27 20:01:49+08:00,2026-01-27 21:01:49+08:00,2,2
Davao,2026-01-27 21:00:28+08:00,2026-01-27 22:00:28+08:00,2,2
Davao,2026-01-27 22:01:40+08:00,2026-01-27 23:01:40+08:00,2,2
Davao,2026-01-27 23:01:40+08:00,2026-01-28 00:01:40+08:00,2,2
Davao,2026-01-28 00:01:45+08:00,2026-01-28 01:01:45+08:00,2,2
Davao,2026-01-28 01:01:34+08:00,2026-01-28 02:01:34+08:00,2,2
Davao,2026-01-28 02:01:35+08:00,2026-01-28 03:01:35+08:00,2,2
Davao,2026-01-28 03:01:41+08:00,2026-01-28 04:01:41+08:00,2,2
Davao,2026-01-28 04:00:22+08:00,2026-01-28 05:00:22+08:00,2,2
Davao,2026-01-28 05:01:48+08:00,2026-01-28 06:01:48+08:00,2,2
Davao,2026-01-28 06:01:37+08:00,2026-01-28 07:01:37+08:00,2,2
Davao,2026-01-28 07:01:37+08:00,2026-01-28 08:01:37+08:00,2,1
Davao,2026-01-28 08:01:50+08:00,2026-01-28 09:01:50+08:00,2,1
Davao,2026-01-28 09:01:32+08:00,2026-01-28 10:01:32+08:00,2,2
Davao,2026-01-28 10:01:40+08:00,2026-01-28 11:01:40+08:00,2,2
Davao,2026-01-28 11:01:34+08:00,2026-01-28 12:01:34+08:00,2,2
Davao,2026-01-28 12:01:36+08:00,2026-01-28 13:01:36+08:00,2,2
Davao,2026-01-28 13:01:41+08:00,2026-01-28 14:01:41+08:00,2,2
Davao,2026-01-28 14:00:23+08:00,2026-01-28 15:00:23+08:00,2,2
Davao,2026-01-28 15:01:45+08:00,2026-01-28 16:01:45+08:00,2,2
Davao,2026-01-28 16:01:41+08:00,2026-01-28 17:01:41+08:00,2,2
Davao,2026-01-28 17:01:34+08:00,2026-01-28 18:01:34+08:00,2,2
Davao,2026-01-28 18:01:40+08:00,2026-01-28 19:01:40+08:00,2,2
Davao,2026-01-28 19:01:41+08:00,2026-01-28 20:01:41+08:00,2,2
Davao,2026-01-28 20:01:44+08:00,2026-01-28 21:01:44+08:00,2,2
Davao,2026-01-28 21:01:44+08:00,2026-01-28 22:01:44+08:00,2,2
Davao,2026-01-28 22:00:26+08:00,2026-01-28 23:00:26+08:00,2,2
Davao,2026-01-28 23:01:39+08:00,2026-01-29 00:01:39+08:00,2,2
Davao,2026-01-29 00:00:29+08:00,2026-01-29 01:00:29+08:00,2,2
Davao,2026-01-29 01:01:40+08:00,2026-01-29 02:01:40+08:00,2,2
Davao,2026-01-29 02:01:39+08:00,2026-01-29 03:01:39+08:00,2,2
Davao,2026-01-29 03:01:36+08:00,2026-01-29 04:01:36+08:00,2,2
Davao,2026-01-29 04:00:22+08:00,2026-01-29 05:00:22+08:00,2,2
Davao,2026-01-29 05:01:33+08:00,2026-01-29 06:01:33+08:00,2,2
Davao,2026-01-29 06:00:21+08:00,2026-01-29 07:00:21+08:00,2,1
Davao,2026-01-29 07:01:40+08:00,2026-01-29 08:01:40+08:00,2,1
Davao,2026-01-29 08:01:39+08:00,2026-01-29 09:01:39+08:00,2,2
Davao,2026-01-29 09:01:39+08:00,2026-01-29 10:01:39+08:00,2,2
Davao,2026-01-29 10:01:37+08:00,2026-01-29 11:01:37+08:00,1,2
Davao,2026-01-29 11:01:40+08:00,2026-01-29 12:01:40+08:00,2,2
Davao,2026-01-29 12:01:35+08:00,2026-01-29 13:01:35+08:00,2,2
Davao,2026-01-29 13:01:38+08:00,2026-01-29 14:01:38+08:00,2,2
Davao,2026-01-29 14:01:42+08:00,2026-01-29 15:01:42+08:00,1,2
Davao,2026-01-29 15:01:38+08:00,2026-01-29 16:01:38+08:00,1,1
Davao,2026-01-29 16:00:23+08:00,2026-01-29 17:00:23+08:00,1,1
Davao,2026-01-29 17:01:39+08:00,2026-01-29 18:01:39+08:00,1,1
Davao,2026-01-29 18:01:37+08:00,2026-01-29 19:01:37+08:00,1,1
Davao,2026-01-29 20:01:42+08:00,2026-01-29 21:01:42+08:00,1,1
Davao,2026-01-29 21:01:47+08:00,2026-01-29 22:01:47+08:00,1,1
Davao,2026-01-29 22:01:39+08:00,2026-01-29 23:01:39+08:00,1,1
Davao,2026-01-29 23:00:30+08:00,2026-01-30 00:00:30+08:00,1,1
Davao,2026-01-30 00:00:30+08:00,2026-01-30 01:00:30+08:00,1,1
Davao,2026-01-30 01:01:41+08:00,2026-01-30 02:01:41+08:00,1,1
Davao,2026-01-30 02:01:41+08:00,2026-01-30 03:01:41+08:00,1,1
Davao,2026-01-30 03:00:22+08:00,2026-01-30 04:00:22+08:00,1,1
Davao,2026-01-30 04:01:37+08:00,2026-01-30 05:01:37+08:00,1,1
Davao,2026-01-30 05:01:40+08:00,2026-01-30 06:01:40+08:00,1,1
Davao,2026-01-30 06:01:39+08:00,2026-01-30 07:01:39+08:00,1,1
Davao,2026-01-30 07:00:21+08:00,2026-01-30 08:00:21+08:00,1,1
Davao,2026-01-30 08:01:51+08:00,2026-01-30 09:01:51+08:00,1,1
Davao,2026-01-30 09:00:25+08:00,2026-01-30 10:00:25+08:00,1,1
Davao,2026-01-30 10:01:44+08:00,2026-01-30 11:01:44+08:00,2,2
Davao,2026-01-30 11:00:22+08:00,2026-01-30 12:00:22+08:00,1,2
Davao,2026-01-30 12:01:37+08:00,2026-01-30 13:01:37+08:00,1,2
Davao,2026-01-30 13:01:41+08:00,2026-01-30 14:01:41+08:00,2,2
Davao,2026-01-30 14:02:53+08:00,2026-01-30 15:02:53+08:00,2,2
Davao,2026-01-30 15:01:41+08:00,2026-01-30 16:01:41+08:00,2,2
Davao,2026-01-30 16:01:41+08:00,2026-01-30 17:01:41+08:00,2,2
Davao,2026-01-30 17:01:35+08:00,2026-01-30 18:01:35+08:00,2,2
Davao,2026-01-30 18:01:40+08:00,2026-01-30 19:01:40+08:00,1,1
Davao,2026-01-30 19:00:31+08:00,2026-01-30 20:00:31+08:00,1,1
Davao,2026-01-30 20:01:40+08:00,2026-01-30 21:01:40+08:00,1,1
Davao,2026-01-30 21:01:39+08:00,2026-01-30 22:01:39+08:00,1,1
Davao,2026-01-30 22:01:39+08:00,2026-01-30 23:01:39+08:00,1,1
Davao,2026-01-30 23:00:27+08:00,2026-01-31 00:00:27+08:00,1,1
Davao,2026-01-31 00:00:33+08:00,2026-01-31 01:00:33+08:00,1,1
Davao,2026-01-31 01:01:38+08:00,2026-01-31 02:01:38+08:00,1,1
Davao,2026-01-31 02:01:39+08:00,2026-01-31 03:01:39+08:00,1,1
Davao,2026-01-31 03:01:44+08:00,2026-01-31 04:01:44+08:00,1,1
Davao,2026-01-31 04:01:41+08:00,2026-01-31 05:01:41+08:00,1,1
Davao,2026-01-31 05:01:34+08:00,2026-01-31 06:01:34+08:00,1,1
Davao,2026-01-31 06:01:38+08:00,2026-01-31 07:01:38+08:00,1,1
Davao,2026-01-31 07:01:41+08:00,2026-01-31 08:01:41+08:00,1,1
Davao,2026-01-31 08:01:34+08:00,2026-01-31 09:01:34+08:00,1,1
Davao,2026-01-31 09:02:11+08:00,2026-01-31 10:02:11+08:00,2,2
Davao,2026-01-31 10:01:40+08:00,2026-01-31 11:01:40+08:00,2,2
Davao,2026-01-31 11:01:41+08:00,2026-01-31 12:01:41+08:00,1,2
Davao,2026-01-31 12:01:38+08:00,2026-01-31 13:01:38+08:00,1,1
Davao,2026-01-31 13:01:44+08:00,2026-01-31 14:01:44+08:00,1,1
Davao,2026-01-31 14:01:33+08:00,2026-01-31 15:01:33+08:00,1,1
Davao,2026-01-31 15:01:42+08:00,2026-01-31 16:01:42+08:00,1,1
Davao,2026-01-31 16:00:26+08:00,2026-01-31 17:00:26+08:00,1,1
Davao,2026-01-31 17:01:40+08:00,2026-01-31 18:01:40+08:00,1,2
Davao,2026-01-31 18:01:37+08:00,2026-01-31 19:01:37+08:00,1,1
Davao,2026-01-31 19:01:41+08:00,2026-01-31 20:01:41+08:00,1,1
Davao,2026-01-31 20:00:23+08:00,2026-01-31 21:00:23+08:00,1,1
Davao,2026-01-31 21:01:43+08:00,2026-01-31 22:01:43+08:00,1,1
Davao,2026-01-31 22:01:39+08:00,2026-01-31 23:01:39+08:00,1,1
Iloilo City,2026-01-25 22:02:18+08:00,2026-01-25 23:02:18+08:00,2,2
Iloilo City,2026-01-25 23:02:14+08:00,2026-01-26 00:02:14+08:00,2,2
Iloilo City,2026-01-26 00:03:24+08:00,2026-01-26 01:03:24+08:00,2,2
Iloilo City,2026-01-26 01:02:10+08:00,2026-01-26 02:02:10+08:00,2,2
Iloilo City,2026-01-26 02:02:08+08:00,2026-01-26 03:02:08+08:00,2,2
Iloilo City,2026-01-26 03:02:07+08:00,2026-01-26 04:02:07+08:00,2,2
Iloilo City,2026-01-26 04:02:07+08:00,2026-01-26 05:02:07+08:00,2,2
Iloilo City,2026-01-26 05:01:59+08:00,2026-01-26 06:01:59+08:00,2,2
Iloilo City,2026-01-26 06:02:12+08:00,2026-01-26 07:02:12+08:00,2,2
Iloilo City,2026-01-26 07:02:08+08:00,2026-01-26 08:02:08+08:00,2,2
Iloilo City,2026-01-26 08:01:56+08:00,2026-01-26 09:01:56+08:00,2,2
Iloilo City,2026-01-26 09:02:05+08:00,2026-01-26 10:02:05+08:00,2,2
Iloilo City,2026-01-26 10:02:09+08:00,2026-01-26 11:02:09+08:00,2,2
Iloilo City,2026-01-26 11:02:19+08:00,2026-01-26 12:02:19+08:00,2,2
Iloilo City,2026-01-26 12:02:10+08:00,2026-01-26 13:02:10+08:00,2,2
Iloilo City,2026-01-26 13:02:02+08:00,2026-01-26 14:02:02+08:00,2,2
Iloilo City,2026-01-26 14:02:12+08:00,2026-01-26 15:02:12+08:00,2,2
Iloilo City,2026-01-26 15:02:05+08:00,2026-01-26 16:02:05+08:00,2,2
Iloilo City,2026-01-26 16:02:06+08:00,2026-01-26 17:02:06+08:00,2,2
Iloilo City,2026-01-26 17:02:08+08:00,2026-01-26 18:02:08+08:00,2,2
Iloilo City,2026-01-26 18:02:09+08:00,2026-01-26 19:02:09+08:00,2,2
Iloilo City,2026-01-26 19:02:02+08:00,2026-01-26 20:02:02+08:00,2,2
Iloilo City,2026-01-26 20:02:06+08:00,2026-01-26 21:02:06+08:00,2,2
Iloilo City,2026-01-26 21:02:10+08:00,2026-01-26 22:02:10+08:00,2,2
Iloilo City,2026-01-26 22:02:04+08:00,2026-01-26 23:02:04+08:00,2,2
Iloilo City,2026-01-26 23:02:07+08:00,2026-01-27 00:02:07+08:00,2,2
Iloilo City,2026-01-27 00:02:28+08:00,2026-01-27 01:02:28+08:00,2,2
Iloilo City,2026-01-27 01:02:06+08:00,2026-01-27 02:02:06+08:00,2,2
Iloilo City,2026-01-27 02:02:06+08:00,2026-01-27 03:02:06+08:00,2,2
Iloilo City,2026-01-27 03:02:04+08:00,2026-01-27 04:02:04+08:00,2,2
Iloilo City,2026-01-27 04:02:07+08:00,2026-01-27 05:02:07+08:00,2,2
Iloilo City,2026-01-27 05:02:02+08:00,2026-01-27 06:02:02+08:00,2,2
Iloilo City,2026-01-27 06:02:04+08:00,2026-01-27 07:02:04+08:00,2,2
Iloilo City,2026-01-27 07:02:10+08:00,2026-01-27 08:02:10+08:00,2,2
Iloilo City,2026-01-27 08:02:02+08:00,2026-01-27 09:02:02+08:00,2,2
Iloilo City,2026-01-27 09:02:03+08:00,2026-01-27 10:02:03+08:00,2,2
Iloilo City,2026-01-27 10:02:02+08:00,2026-01-27 11:02:02+08:00,2,2
Iloilo City,2026-01-27 11:02:06+08:00,2026-01-27 12:02:06+08:00,2,2
Iloilo City,2026-01-27 12:02:00+08:00,2026-01-27 13:02:00+08:00,2,2
Iloilo City,2026-01-27 13:02:01+08:00,2026-01-27 14:02:01+08:00,2,2
Iloilo City,2026-01-27 14:02:11+08:00,2026-01-27 15:02:11+08:00,2,2
Iloilo City,2026-01-27 15:02:06+08:00,2026-01-27 16:02:06+08:00,2,2
Iloilo City,2026-01-27 16:02:05+08:00,2026-01-27 17:02:05+08:00,2,2
Iloilo City,2026-01-27 17:02:20+08:00,2026-01-27 18:02:20+08:00,2,2
Iloilo City,2026-01-27 18:02:47+08:00,2026-01-27 19:02:47+08:00,2,2
Iloilo City,2026-01-27 19:02:12+08:00,2026-01-27 20:02:12+08:00,2,2
Iloilo City,2026-01-27 20:02:16+08:00,2026-01-27 21:02:16+08:00,2,2
Iloilo City,2026-01-27 21:02:14+08:00,2026-01-27 22:02:14+08:00,2,2
Iloilo City,2026-01-27 22:02:07+08:00,2026-01-27 23:02:07+08:00,2,2
Iloilo City,2026-01-27 23:02:09+08:00,2026-01-28 00:02:09+08:00,2,2
Iloilo City,2026-01-28 00:02:14+08:00,2026-01-28 01:02:14+08:00,2,2
Iloilo City,2026-01-28 01:02:03+08:00,2026-01-28 02:02:03+08:00,2,2
Iloilo City,2026-01-28 02:02:02+08:00,2026-01-28 03:02:02+08:00,2,2
Iloilo City,2026-01-28 03:02:09+08:00,2026-01-28 04:02:09+08:00,2,2
Iloilo City,2026-01-28 04:02:06+08:00,2026-01-28 05:02:06+08:00,2,2
Iloilo City,2026-01-28 05:02:16+08:00,2026-01-28 06:02:16+08:00,2,2
Iloilo City,2026-01-28 06:02:05+08:00,2026-01-28 07:02:05+08:00,2,2
Iloilo City,2026-01-28 07:02:00+08:00,2026-01-28 08:02:00+08:00,2,2
Iloilo City,2026-01-28 08:02:16+08:00,2026-01-28 09:02:16+08:00,2,2
Iloilo City,2026-01-28 09:01:59+08:00,2026-01-28 10:01:59+08:00,2,2
Iloilo City,2026-01-28 10:02:08+08:00,2026-01-28 11:02:08+08:00,2,2
Iloilo City,2026-01-28 11:02:06+08:00,2026-01-28 12:02:06+08:00,2,2
Iloilo City,2026-01-28 12:02:05+08:00,2026-01-28 13:02:05+08:00,2,2
Iloilo City,2026-01-28 13:02:06+08:00,2026-01-28 14:02:06+08:00,2,2
Iloilo City,2026-01-28 14:02:01+08:00,2026-01-28 15:02:01+08:00,2,2
Iloilo City,2026-01-28 15:02:12+08:00,2026-01-28 16:02:12+08:00,2,2
Iloilo City,2026-01-28 16:02:10+08:00,2026-01-28 17:02:10+08:00,2,2
Iloilo City,2026-01-28 18:02:09+08:00,2026-01-28 19:02:09+08:00,2,2
Iloilo City,2026-01-28 19:02:08+08:00,2026-01-28 20:02:08+08:00,2,2
Iloilo City,2026-01-28 20:02:09+08:00,2026-01-28 21:02:09+08:00,2,2
Iloilo City,2026-01-28 21:02:13+08:00,2026-01-28 22:02:13+08:00,2,2
Iloilo City,2026-01-28 22:02:13+08:00,2026-01-28 23:02:13+08:00,2,2
Iloilo City,2026-01-28 23:02:08+08:00,2026-01-29 00:02:08+08:00,2,2
Iloilo City,2026-01-29 00:02:24+08:00,2026-01-29 01:02:24+08:00,2,2
Iloilo City,2026-01-29 01:02:08+08:00,2026-01-29 02:02:08+08:00,2,2
Iloilo City,2026-01-29 02:02:06+08:00,2026-01-29 03:02:06+08:00,2,2
Iloilo City,2026-01-29 03:02:02+08:00,2026-01-29 04:02:02+08:00,2,2
Iloilo City,2026-01-29 04:02:01+08:00,2026-01-29 05:02:01+08:00,2,2
Iloilo City,2026-01-29 05:02:01+08:00,2026-01-29 06:02:01+08:00,2,2
Iloilo City,2026-01-29 06:02:01+08:00,2026-01-29 07:02:01+08:00,2,2
Iloilo City,2026-01-29 07:02:06+08:00,2026-01-29 08:02:06+08:00,2,2
Iloilo City,2026-01-29 08:02:06+08:00,2026-01-29 09:02:06+08:00,2,2
Iloilo City,2026-01-29 09:02:05+08:00,2026-01-29 10:02:05+08:00,2,2
Iloilo City,2026-01-29 10:02:03+08:00,2026-01-29 11:02:03+08:00,2,2
Iloilo City,2026-01-29 11:02:05+08:00,2026-01-29 12:02:05+08:00,2,2
Iloilo City,2026-01-29 12:02:03+08:00,2026-01-29 13:02:03+08:00,2,2
Iloilo City,2026-01-29 13:02:05+08:00,2026-01-29 14:02:05+08:00,2,2
Iloilo City,2026-01-29 14:02:10+08:00,2026-01-29 15:02:10+08:00,2,2
Iloilo City,2026-01-29 15:02:05+08:00,2026-01-29 16:02:05+08:00,2,2
Iloilo City,2026-01-29 16:02:03+08:00,2026-01-29 17:02:03+08:00,2,2
Iloilo City,2026-01-29 17:02:06+08:00,2026-01-29 18:02:06+08:00,2,2
Iloilo City,2026-01-29 18:02:06+08:00,2026-01-29 19:02:06+08:00,2,2
Iloilo City,2026-01-29 19:02:08+08:00,2026-01-29 20:02:08+08:00,2,2
Iloilo City,2026-01-29 20:02:13+08:00,2026-01-29 21:02:13+08:00,2,2
Iloilo City,2026-01-29 21:02:17+08:00,2026-01-29 22:02:17+08:00,2,2
Iloilo City,2026-01-29 22:02:07+08:00,2026-01-29 23:02:07+08:00,2,2
Iloilo City,2026-01-29 23:02:10+08:00,2026-01-30 00:02:10+08:00,2,2
Iloilo City,2026-01-30 00:02:08+08:00,2026-01-30 01:02:08+08:00,2,2
Iloilo City,2026-01-30 01:02:21+08:00,2026-01-30 02:02:21+08:00,2,2
Iloilo City,2026-01-30 02:02:06+08:00,2026-01-30 03:02:06+08:00,2,2
Iloilo City,2026-01-30 03:02:13+08:00,2026-01-30 04:02:13+08:00,2,2
Iloilo City,2026-01-30 04:02:05+08:00,2026-01-30 05:02:05+08:00,2,2
Iloilo City,2026-01-30 05:02:07+08:00,2026-01-30 06:02:07+08:00,2,2
Iloilo City,2026-01-30 06:02:08+08:00,2026-01-30 07:02:08+08:00,2,2
Iloilo City,2026-01-30 07:02:07+08:00,2026-01-30 08:02:07+08:00,2,2
Iloilo City,2026-01-30 08:02:21+08:00,2026-01-30 09:02:21+08:00,2,2
Iloilo City,2026-01-30 09:02:06+08:00,2026-01-30 10:02:06+08:00,2,2
Iloilo City,2026-01-30 10:02:09+08:00,2026-01-30 11:02:09+08:00,2,2
Iloilo City,2026-01-30 11:09:16+08:00,2026-01-30 12:09:16+08:00,2,2
Iloilo City,2026-01-30 12:02:07+08:00,2026-01-30 13:02:07+08:00,2,2
Iloilo City,2026-01-30 13:02:09+08:00,2026-01-30 14:02:09+08:00,2,2
Iloilo City,2026-01-30 14:03:36+08:00,2026-01-30 15:03:36+08:00,2,2
Iloilo City,2026-01-30 15:02:09+08:00,2026-01-30 16:02:09+08:00,2,2
Iloilo City,2026-01-30 16:02:10+08:00,2026-01-30 17:02:10+08:00,2,2
Iloilo City,2026-01-30 17:02:01+08:00,2026-01-30 18:02:01+08:00,2,2
Iloilo City,2026-01-30 18:02:09+08:00,2026-01-30 19:02:09+08:00,2,2
Iloilo City,2026-01-30 19:02:11+08:00,2026-01-30 20:02:11+08:00,2,2
Iloilo City,2026-01-30 20:02:08+08:00,2026-01-30 21:02:08+08:00,2,2
Iloilo City,2026-01-30 21:02:06+08:00,2026-01-30 22:02:06+08:00,2,2
Iloilo City,2026-01-30 22:02:11+08:00,2026-01-30 23:02:11+08:00,2,2
Iloilo City,2026-01-30 23:02:04+08:00,2026-01-31 00:02:04+08:00,2,2
Iloilo City,2026-01-31 00:02:37+08:00,2026-01-31 01:02:37+08:00,2,2
Iloilo City,2026-01-31 01:02:07+08:00,2026-01-31 02:02:07+08:00,2,2
Iloilo City,2026-01-31 02:02:09+08:00,2026-01-31 03:02:09+08:00,2,2
Iloilo City,2026-01-31 03:02:10+08:00,2026-01-31 04:02:10+08:00,2,2
Iloilo City,2026-01-31 04:02:13+08:00,2026-01-31 05:02:13+08:00,2,2
Iloilo City,2026-01-31 05:02:03+08:00,2026-01-31 06:02:03+08:00,2,2
Iloilo City,2026-01-31 06:02:05+08:00,2026-01-31 07:02:05+08:00,2,2
Iloilo City,2026-01-31 07:02:08+08:00,2026-01-31 08:02:08+08:00,2,2
Iloilo City,2026-01-31 08:02:02+08:00,2026-01-31 09:02:02+08:00,2,2
Iloilo City,2026-01-31 09:02:40+08:00,2026-01-31 10:02:40+08:00,2,2
Iloilo City,2026-01-31 10:02:09+08:00,2026-01-31 11:02:09+08:00,2,2
Iloilo City,2026-01-31 11:02:09+08:00,2026-01-31 12:02:09+08:00,2,2
Iloilo City,2026-01-31 12:02:07+08:00,2026-01-31 13:02:07+08:00,2,2
Iloilo City,2026-01-31 13:02:12+08:00,2026-01-31 14:02:12+08:00,2,2
Iloilo City,2026-01-31 14:01:59+08:00,2026-01-31 15:01:59+08:00,2,2
Iloilo City,2026-01-31 15:02:11+08:00,2026-01-31 16:02:11+08:00,2,2
Iloilo City,2026-01-31 16:02:11+08:00,2026-01-31 17:02:11+08:00,2,2
Iloilo City,2026-01-31 17:02:05+08:00,2026-01-31 18:02:05+08:00,2,2
Iloilo City,2026-01-31 18:02:06+08:00,2026-01-31 19:02:06+08:00,2,2
Iloilo City,2026-01-31 19:02:09+08:00,2026-01-31 20:02:09+08:00,2,2
Iloilo City,2026-01-31 20:02:08+08:00,2026-01-31 21:02:08+08:00,2,2
Iloilo City,2026-01-31 21:02:15+08:00,2026-01-31 22:02:15+08:00,2,2
Iloilo City,2026-01-31 22:02:09+08:00,2026-01-31 23:02:09+08:00,2,2
Makati City,2026-01-25 21:03:04+08:00,2026-01-25 22:03:04+08:00,2,2
Makati City,2026-01-25 22:02:58+08:00,2026-01-25 23:02:58+08:00,2,2
Makati City,2026-01-25 23:02:56+08:00,2026-01-26 00:02:56+08:00,2,2
Makati City,2026-01-26 00:04:05+08:00,2026-01-26 01:04:05+08:00,2,2
Makati City,2026-01-26 01:02:50+08:00,2026-01-26 02:02:50+08:00,2,2
Makati City,2026-01-26 02:02:46+08:00,2026-01-26 03:02:46+08:00,2,2
Makati City,2026-01-26 03:02:47+08:00,2026-01-26 04:02:47+08:00,2,2
Makati City,2026-01-26 04:02:47+08:00,2026-01-26 05:02:47+08:00,2,2
Makati City,2026-01-26 05:02:38+08:00,2026-01-26 06:02:38+08:00,2,2
Makati City,2026-01-26 06:02:48+08:00,2026-01-26 07:02:48+08:00,2,2
Makati City,2026-01-26 07:02:47+08:00,2026-01-26 08:02:47+08:00,2,2
Makati City,2026-01-26 08:02:32+08:00,2026-01-26 09:02:32+08:00,2,2
Makati City,2026-01-26 09:02:43+08:00,2026-01-26 10:02:43+08:00,2,2
Makati City,2026-01-26 10:02:46+08:00,2026-01-26 11:02:46+08:00,2,3
Makati City,2026-01-26 11:02:59+08:00,2026-01-26 12:02:59+08:00,3,3
Makati City,2026-01-26 12:02:46+08:00,2026-01-26 13:02:46+08:00,3,3
Makati City,2026-01-26 13:02:41+08:00,2026-01-26 14:02:41+08:00,3,3
Makati City,2026-01-26 14:02:48+08:00,2026-01-26 15:02:48+08:00,3,3
Makati City,2026-01-26 15:02:45+08:00,2026-01-26 16:02:45+08:00,3,3
Makati City,2026-01-26 16:02:46+08:00,2026-01-26 17:02:46+08:00,3,3
Makati City,2026-01-26 17:02:49+08:00,2026-01-26 18:02:49+08:00,2,3
Makati City,2026-01-26 18:02:45+08:00,2026-01-26 19:02:45+08:00,2,2
Makati City,2026-01-26 20:02:45+08:00,2026-01-26 21:02:45+08:00,2,2
Makati City,2026-01-26 21:02:47+08:00,2026-01-26 22:02:47+08:00,2,2
Makati City,2026-01-26 22:02:45+08:00,2026-01-26 23:02:45+08:00,2,2
Makati City,2026-01-27 00:03:08+08:00,2026-01-27 01:03:08+08:00,2,2
Makati City,2026-01-27 01:02:45+08:00,2026-01-27 02:02:45+08:00,1,2
Makati City,2026-01-27 02:02:44+08:00,2026-01-27 03:02:44+08:00,1,2
Makati City,2026-01-27 03:02:39+08:00,2026-01-27 04:02:39+08:00,1,1
Makati City,2026-01-27 04:02:49+08:00,2026-01-27 05:02:49+08:00,1,1
Makati City,2026-01-27 05:02:36+08:00,2026-01-27 06:02:36+08:00,1,1
Makati City,2026-01-27 06:02:44+08:00,2026-01-27 07:02:44+08:00,1,1
Makati City,2026-01-27 07:02:49+08:00,2026-01-27 08:02:49+08:00,1,1
Makati City,2026-01-27 08:02:40+08:00,2026-01-27 09:02:40+08:00,2,2
Makati City,2026-01-27 09:02:42+08:00,2026-01-27 10:02:42+08:00,2,2
Makati City,2026-01-27 10:02:38+08:00,2026-01-27 11:02:38+08:00,2,2
Makati City,2026-01-27 11:02:45+08:00,2026-01-27 12:02:45+08:00,3,3
Makati City,2026-01-27 12:02:37+08:00,2026-01-27 13:02:37+08:00,3,3
Makati City,2026-01-27 13:02:38+08:00,2026-01-27 14:02:38+08:00,3,3
Makati City,2026-01-27 14:02:50+08:00,2026-01-27 15:02:50+08:00,3,3
Makati City,2026-01-27 15:02:43+08:00,2026-01-27 16:02:43+08:00,3,3
Makati City,2026-01-27 16:02:43+08:00,2026-01-27 17:02:43+08:00,3,3
Makati City,2026-01-27 17:02:59+08:00,2026-01-27 18:02:59+08:00,2,3
Makati City,2026-01-27 18:03:31+08:00,2026-01-27 19:03:31+08:00,2,2
Makati City,2026-01-27 19:02:53+08:00,2026-01-27 20:02:53+08:00,2,2
Makati City,2026-01-27 20:02:59+08:00,2026-01-27 21:02:59+08:00,2,2
Makati City,2026-01-27 21:02:50+08:00,2026-01-27 22:02:50+08:00,2,2
Makati City,2026-01-27 22:02:47+08:00,2026-01-27 23:02:47+08:00,2,2
Makati City,2026-01-27 23:02:49+08:00,2026-01-28 00:02:49+08:00,2,2
Makati City,2026-01-28 00:02:51+08:00,2026-01-28 01:02:51+08:00,2,2
Makati City,2026-01-28 01:02:40+08:00,2026-01-28 02:02:40+08:00,2,2
Makati City,2026-01-28 02:02:43+08:00,2026-01-28 03:02:43+08:00,2,2
Makati City,2026-01-28 03:02:48+08:00,2026-01-28 04:02:48+08:00,2,2
Makati City,2026-01-28 04:02:49+08:00,2026-01-28 05:02:49+08:00,2,2
Makati City,2026-01-28 05:02:56+08:00,2026-01-28 06:02:56+08:00,2,2
Makati City,2026-01-28 06:02:44+08:00,2026-01-28 07:02:44+08:00,2,2
Makati City,2026-01-28 07:02:36+08:00,2026-01-28 08:02:36+08:00,2,2
Makati City,2026-01-28 08:03:01+08:00,2026-01-28 09:03:01+08:00,2,2
Makati City,2026-01-28 09:02:36+08:00,2026-01-28 10:02:36+08:00,2,2
Makati City,2026-01-28 10:02:45+08:00,2026-01-28 11:02:45+08:00,3,2
Makati City,2026-01-28 11:02:46+08:00,2026-01-28 12:02:46+08:00,3,3
Makati City,2026-01-28 12:02:43+08:00,2026-01-28 13:02:43+08:00,3,3
Makati City,2026-01-28 13:02:54+08:00,2026-01-28 14:02:54+08:00,3,3
Makati City,2026-01-28 14:02:38+08:00,2026-01-28 15:02:38+08:00,3,3
Makati City,2026-01-28 15:02:50+08:00,2026-01-28 16:02:50+08:00,3,3
Makati City,2026-01-28 16:02:51+08:00,2026-01-28 17:02:51+08:00,3,3
Makati City,2026-01-28 17:02:43+08:00,2026-01-28 18:02:43+08:00,3,3
Makati City,2026-01-28 18:02:48+08:00,2026-01-28 19:02:48+08:00,3,3
Makati City,2026-01-28 19:02:49+08:00,2026-01-28 20:02:49+08:00,2,2
Makati City,2026-01-28 20:02:47+08:00,2026-01-28 21:02:47+08:00,2,2
Makati City,2026-01-28 21:02:50+08:00,2026-01-28 22:02:50+08:00,2,2
Makati City,2026-01-28 22:02:55+08:00,2026-01-28 23:02:55+08:00,2,2
Makati City,2026-01-28 23:02:45+08:00,2026-01-29 00:02:45+08:00,2,2
Makati City,2026-01-29 00:03:02+08:00,2026-01-29 01:03:02+08:00,2,2
Makati City,2026-01-29 01:02:44+08:00,2026-01-29 02:02:44+08:00,2,2
Makati City,2026-01-29 02:02:46+08:00,2026-01-29 03:02:46+08:00,2,2
Makati City,2026-01-29 03:02:44+08:00,2026-01-29 04:02:44+08:00,2,2
Makati City,2026-01-29 04:02:35+08:00,2026-01-29 05:02:35+08:00,2,2
Makati City,2026-01-29 05:02:36+08:00,2026-01-29 06:02:36+08:00,2,2
Makati City,2026-01-29 06:02:40+08:00,2026-01-29 07:02:40+08:00,2,2
Makati City,2026-01-29 07:02:47+08:00,2026-01-29 08:02:47+08:00,2,2
Makati City,2026-01-29 08:02:43+08:00,2026-01-29 09:02:43+08:00,2,2
Makati City,2026-01-29 09:02:44+08:00,2026-01-29 10:02:44+08:00,2,2
Makati City,2026-01-29 10:02:41+08:00,2026-01-29 11:02:41+08:00,2,2
Makati City,2026-01-29 11:02:41+08:00,2026-01-29 12:02:41+08:00,3,2
Makati City,2026-01-29 12:02:44+08:00,2026-01-29 13:02:44+08:00,3,3
Makati City,2026-01-29 13:02:44+08:00,2026-01-29 14:02:44+08:00,3,3
Makati City,2026-01-29 14:02:47+08:00,2026-01-29 15:02:47+08:00,3,3
Makati City,2026-01-29 15:02:44+08:00,2026-01-29 16:02:44+08:00,3,3
Makati City,2026-01-29 16:02:44+08:00,2026-01-29 17:02:44+08:00,3,3
Makati City,2026-01-29 17:02:47+08:00,2026-01-29 18:02:47+08:00,2,3
Makati City,2026-01-29 18:02:46+08:00,2026-01-29 19:02:46+08:00,2,2
Makati City,2026-01-29 20:02:48+08:00,2026-01-29 21:02:48+08:00,2,2
Makati City,2026-01-29 21:02:57+08:00,2026-01-29 22:02:57+08:00,2,2
Makati City,2026-01-29 22:02:45+08:00,2026-01-29 23:02:45+08:00,2,2
Makati City,2026-01-29 23:02:50+08:00,2026-01-30 00:02:50+08:00,2,2
Makati City,2026-01-30 00:02:47+08:00,2026-01-30 01:02:47+08:00,2,2
Makati City,2026-01-30 01:02:59+08:00,2026-01-30 02:02:59+08:00,2,2
Makati City,2026-01-30 02:02:42+08:00,2026-01-30 03:02:42+08:00,2,2
Makati City,2026-01-30 03:02:49+08:00,2026-01-30 04:02:49+08:00,2,2
Makati City,2026-01-30 04:02:45+08:00,2026-01-30 05:02:45+08:00,2,2
Makati City,2026-01-30 05:02:43+08:00,2026-01-30 06:02:43+08:00,2,2
Makati City,2026-01-30 06:02:48+08:00,2026-01-30 07:02:48+08:00,2,2
Makati City,2026-01-30 07:02:43+08:00,2026-01-30 08:02:43+08:00,2,2
Makati City,2026-01-30 08:03:00+08:00,2026-01-30 09:03:00+08:00,2,2
Makati City,2026-01-30 09:02:42+08:00,2026-01-30 10:02:42+08:00,2,2
Makati City,2026-01-30 10:02:45+08:00,2026-01-30 11:02:45+08:00,2,2
Makati City,2026-01-30 11:06:11+08:00,2026-01-30 12:06:11+08:00,3,3
Makati City,2026-01-30 12:02:45+08:00,2026-01-30 13:02:45+08:00,3,3
Makati City,2026-01-30 13:02:51+08:00,2026-01-30 14:02:51+08:00,3,3
Makati City,2026-01-30 14:04:16+08:00,2026-01-30 15:04:16+08:00,3,3
Makati City,2026-01-30 15:02:47+08:00,2026-01-30 16:02:47+08:00,3,3
Makati City,2026-01-30 16:02:50+08:00,2026-01-30 17:02:50+08:00,3,3
Makati City,2026-01-30 17:02:40+08:00,2026-01-30 18:02:40+08:00,3,3
Makati City,2026-01-30 18:02:50+08:00,2026-01-30 19:02:50+08:00,3,3
Makati City,2026-01-30 19:02:52+08:00,2026-01-30 20:02:52+08:00,2,2
Makati City,2026-01-30 20:02:48+08:00,2026-01-30 21:02:48+08:00,2,2
Makati City,2026-01-30 21:02:45+08:00,2026-01-30 22:02:45+08:00,2,2
Makati City,2026-01-30 22:02:49+08:00,2026-01-30 23:02:49+08:00,2,2
Makati City,2026-01-30 23:02:43+08:00,2026-01-31 00:02:43+08:00,2,2
Makati City,2026-01-31 00:03:15+08:00,2026-01-31 01:03:15+08:00,2,2
Makati City,2026-01-31 01:02:45+08:00,2026-01-31 02:02:45+08:00,2,2
Makati City,2026-01-31 02:02:45+08:00,2026-01-31 03:02:45+08:00,2,2
Makati City,2026-01-31 03:02:51+08:00,2026-01-31 04:02:51+08:00,2,2
Makati City,2026-01-31 04:02:49+08:00,2026-01-31 05:02:49+08:00,2,2
Makati City,2026-01-31 05:02:41+08:00,2026-01-31 06:02:41+08:00,2,2
Makati City,2026-01-31 06:02:43+08:00,2026-01-31 07:02:43+08:00,2,2
Makati City,2026-01-31 07:02:47+08:00,2026-01-31 08:02:47+08:00,2,2
Makati City,2026-01-31 08:02:42+08:00,2026-01-31 09:02:42+08:00,2,2
Makati City,2026-01-31 09:03:20+08:00,2026-01-31 10:03:20+08:00,2,3
Makati City,2026-01-31 10:02:49+08:00,2026-01-31 11:02:49+08:00,3,3
Makati City,2026-01-31 11:02:46+08:00,2026-01-31 12:02:46+08:00,3,3
Makati City,2026-01-31 12:02:48+08:00,2026-01-31 13:02:48+08:00,3,3
Makati City,2026-01-31 13:02:50+08:00,2026-01-31 14:02:50+08:00,3,3
Makati City,2026-01-31 14:02:38+08:00,2026-01-31 15:02:38+08:00,3,3
Makati City,2026-01-31 15:02:50+08:00,2026-01-31 16:02:50+08:00,3,3
Makati City,2026-01-31 16:02:47+08:00,2026-01-31 17:02:47+08:00,3,3
Makati City,2026-01-31 17:02:41+08:00,2026-01-31 18:02:41+08:00,3,3
Makati City,2026-01-31 18:02:44+08:00,2026-01-31 19:02:44+08:00,3,3
Makati City,2026-01-31 19:02:47+08:00,2026-01-31 20:02:47+08:00,2,3
Makati City,2026-01-31 21:02:54+08:00,2026-01-31 22:02:54+08:00,2,2
Makati City,2026-01-31 22:02:45+08:00,2026-01-31 23:02:45+08:00,2,2
Manila,2026-01-25 22:03:13+08:00,2026-01-25 23:03:13+08:00,2,2
Manila,2026-01-25 23:03:06+08:00,2026-01-26 00:03:06+08:00,2,2
Manila,2026-01-26 00:04:18+08:00,2026-01-26 01:04:18+08:00,2,2
Manila,2026-01-26 01:03:03+08:00,2026-01-26 02:03:03+08:00,2,2
Manila,2026-01-26 02:02:58+08:00,2026-01-26 03:02:58+08:00,2,2
Manila,2026-01-26 03:03:00+08:00,2026-01-26 04:03:00+08:00,2,2
Manila,2026-01-26 04:03:00+08:00,2026-01-26 05:03:00+08:00,2,2
Manila,2026-01-26 05:02:51+08:00,2026-01-26 06:02:51+08:00,2,2
Manila,2026-01-26 06:03:00+08:00,2026-01-26 07:03:00+08:00,2,2
Manila,2026-01-26 07:02:58+08:00,2026-01-26 08:02:58+08:00,2,2
Manila,2026-01-26 08:02:46+08:00,2026-01-26 09:02:46+08:00,2,2
Manila,2026-01-26 09:02:55+08:00,2026-01-26 10:02:55+08:00,2,2
Manila,2026-01-26 10:03:00+08:00,2026-01-26 11:03:00+08:00,3,3
Manila,2026-01-26 11:03:13+08:00,2026-01-26 12:03:13+08:00,3,3
Manila,2026-01-26 12:03:00+08:00,2026-01-26 13:03:00+08:00,3,3
Manila,2026-01-26 13:02:52+08:00,2026-01-26 14:02:52+08:00,3,3
Manila,2026-01-26 14:03:00+08:00,2026-01-26 15:03:00+08:00,3,3
Manila,2026-01-26 15:02:58+08:00,2026-01-26 16:02:58+08:00,3,3
Manila,2026-01-26 16:02:59+08:00,2026-01-26 17:02:59+08:00,3,3
Manila,2026-01-26 18:02:59+08:00,2026-01-26 19:02:59+08:00,2,3
Manila,2026-01-26 19:00:50+08:00,2026-01-26 20:00:50+08:00,2,2
Manila,2026-01-26 20:02:56+08:00,2026-01-26 21:02:56+08:00,2,2
Manila,2026-01-26 21:03:01+08:00,2026-01-26 22:03:01+08:00,2,2
Manila,2026-01-26 23:02:58+08:00,2026-01-27 00:02:58+08:00,2,2
Manila,2026-01-27 00:03:20+08:00,2026-01-27 01:03:20+08:00,2,2
Manila,2026-01-27 01:02:59+08:00,2026-01-27 02:02:59+08:00,2,2
Manila,2026-01-27 02:02:55+08:00,2026-01-27 03:02:55+08:00,2,2
Manila,2026-01-27 03:02:52+08:00,2026-01-27 04:02:52+08:00,2,2
Manila,2026-01-27 04:03:02+08:00,2026-01-27 05:03:02+08:00,2,2
Manila,2026-01-27 05:02:51+08:00,2026-01-27 06:02:51+08:00,2,2
Manila,2026-01-27 06:02:56+08:00,2026-01-27 07:02:56+08:00,2,2
Manila,2026-01-27 07:03:02+08:00,2026-01-27 08:03:02+08:00,2,2
Manila,2026-01-27 08:02:54+08:00,2026-01-27 09:02:54+08:00,2,2
Manila,2026-01-27 09:02:55+08:00,2026-01-27 10:02:55+08:00,2,2
Manila,2026-01-27 10:02:51+08:00,2026-01-27 11:02:51+08:00,3,3
Manila,2026-01-27 11:02:58+08:00,2026-01-27 12:02:58+08:00,3,3
Manila,2026-01-27 12:02:52+08:00,2026-01-27 13:02:52+08:00,3,3
Manila,2026-01-27 13:02:50+08:00,2026-01-27 14:02:50+08:00,3,3
Manila,2026-01-27 14:03:02+08:00,2026-01-27 15:03:02+08:00,3,3
Manila,2026-01-27 15:02:57+08:00,2026-01-27 16:02:57+08:00,3,3
Manila,2026-01-27 16:02:57+08:00,2026-01-27 17:02:57+08:00,3,3
Manila,2026-01-27 17:03:11+08:00,2026-01-27 18:03:11+08:00,3,3
Manila,2026-01-27 18:03:43+08:00,2026-01-27 19:03:43+08:00,2,2
Manila,2026-01-27 20:03:13+08:00,2026-01-27 21:03:13+08:00,2,2
Manila,2026-01-27 21:03:03+08:00,2026-01-27 22:03:03+08:00,2,2
Manila,2026-01-27 22:03:00+08:00,2026-01-27 23:03:00+08:00,2,2
Manila,2026-01-27 23:03:02+08:00,2026-01-28 00:03:02+08:00,2,2
Manila,2026-01-28 00:03:02+08:00,2026-01-28 01:03:02+08:00,2,2
Manila,2026-01-28 01:02:53+08:00,2026-01-28 02:02:53+08:00,2,2
Manila,2026-01-28 02:02:55+08:00,2026-01-28 03:02:55+08:00,2,2
Manila,2026-01-28 03:03:01+08:00,2026-01-28 04:03:01+08:00,2,2
Manila,2026-01-28 04:03:01+08:00,2026-01-28 05:03:01+08:00,2,2
Manila,2026-01-28 05:03:08+08:00,2026-01-28 06:03:08+08:00,2,2
Manila,2026-01-28 06:02:57+08:00,2026-01-28 07:02:57+08:00,2,2
Manila,2026-01-28 07:02:49+08:00,2026-01-28 08:02:49+08:00,2,2
Manila,2026-01-28 08:03:14+08:00,2026-01-28 09:03:14+08:00,2,2
Manila,2026-01-28 09:02:48+08:00,2026-01-28 10:02:48+08:00,2,2
Manila,2026-01-28 10:02:59+08:00,2026-01-28 11:02:59+08:00,3,3
Manila,2026-01-28 11:02:59+08:00,2026-01-28 12:02:59+08:00,3,3
Manila,2026-01-28 12:02:56+08:00,2026-01-28 13:02:56+08:00,3,3
Manila,2026-01-28 13:03:07+08:00,2026-01-28 14:03:07+08:00,4,4
Manila,2026-01-28 14:02:51+08:00,2026-01-28 15:02:51+08:00,4,3
Manila,2026-01-28 15:03:02+08:00,2026-01-28 16:03:02+08:00,4,3
Manila,2026-01-28 16:03:05+08:00,2026-01-28 17:03:05+08:00,3,3
Manila,2026-01-28 17:02:54+08:00,2026-01-28 18:02:54+08:00,3,3
Manila,2026-01-28 18:03:03+08:00,2026-01-28 19:03:03+08:00,3,3
Manila,2026-01-28 19:03:03+08:00,2026-01-28 20:03:03+08:00,3,3
Manila,2026-01-28 20:02:59+08:00,2026-01-28 21:02:59+08:00,2,2
Manila,2026-01-28 21:03:02+08:00,2026-01-28 22:03:02+08:00,2,2
Manila,2026-01-28 22:03:08+08:00,2026-01-28 23:03:08+08:00,2,2
Manila,2026-01-28 23:02:59+08:00,2026-01-29 00:02:59+08:00,2,2
Manila,2026-01-29 00:03:11+08:00,2026-01-29 01:03:11+08:00,2,2
Manila,2026-01-29 01:02:57+08:00,2026-01-29 02:02:57+08:00,2,2
Manila,2026-01-29 02:03:00+08:00,2026-01-29 03:03:00+08:00,2,2
Manila,2026-01-29 03:02:56+08:00,2026-01-29 04:02:56+08:00,2,2
Manila,2026-01-29 04:02:50+08:00,2026-01-29 05:02:50+08:00,2,2
Manila,2026-01-29 05:02:50+08:00,2026-01-29 06:02:50+08:00,2,2
Manila,2026-01-29 06:02:53+08:00,2026-01-29 07:02:53+08:00,2,2
Manila,2026-01-29 07:03:00+08:00,2026-01-29 08:03:00+08:00,2,2
Manila,2026-01-29 08:02:57+08:00,2026-01-29 09:02:57+08:00,2,2
Manila,2026-01-29 09:02:55+08:00,2026-01-29 10:02:55+08:00,2,2
Manila,2026-01-29 10:02:53+08:00,2026-01-29 11:02:53+08:00,3,3
Manila,2026-01-29 11:02:54+08:00,2026-01-29 12:02:54+08:00,3,3
Manila,2026-01-29 12:02:58+08:00,2026-01-29 13:02:58+08:00,3,3
Manila,2026-01-29 13:02:56+08:00,2026-01-29 14:02:56+08:00,3,3
Manila,2026-01-29 14:03:01+08:00,2026-01-29 15:03:01+08:00,3,3
Manila,2026-01-29 15:02:56+08:00,2026-01-29 16:02:56+08:00,3,3
Manila,2026-01-29 16:02:57+08:00,2026-01-29 17:02:57+08:00,3,3
Manila,2026-01-29 17:03:00+08:00,2026-01-29 18:03:00+08:00,3,3
Manila,2026-01-29 18:02:59+08:00,2026-01-29 19:02:59+08:00,2,3
Manila,2026-01-29 20:03:00+08:00,2026-01-29 21:03:00+08:00,2,2
Manila,2026-01-29 21:03:10+08:00,2026-01-29 22:03:10+08:00,2,2
Manila,2026-01-29 22:02:58+08:00,2026-01-29 23:02:58+08:00,2,2
Manila,2026-01-29 23:03:02+08:00,2026-01-30 00:03:02+08:00,2,2
Manila,2026-01-30 00:03:00+08:00,2026-01-30 01:03:00+08:00,2,2
Manila,2026-01-30 01:03:12+08:00,2026-01-30 02:03:12+08:00,2,2
Manila,2026-01-30 02:02:54+08:00,2026-01-30 03:02:54+08:00,2,2
Manila,2026-01-30 03:03:02+08:00,2026-01-30 04:03:02+08:00,2,2
Manila,2026-01-30 04:02:58+08:00,2026-01-30 05:02:58+08:00,2,2
Manila,2026-01-30 05:02:55+08:00,2026-01-30 06:02:55+08:00,2,2
Manila,2026-01-30 06:02:58+08:00,2026-01-30 07:02:58+08:00,2,2
Manila,2026-01-30 07:02:57+08:00,2026-01-30 08:02:57+08:00,2,2
Manila,2026-01-30 08:03:11+08:00,2026-01-30 09:03:11+08:00,2,2
Manila,2026-01-30 09:02:54+08:00,2026-01-30 10:02:54+08:00,2,2
Manila,2026-01-30 10:02:56+08:00,2026-01-30 11:02:56+08:00,3,3
Manila,2026-01-30 11:03:07+08:00,2026-01-30 12:03:07+08:00,3,3
Manila,2026-01-30 12:02:59+08:00,2026-01-30 13:02:59+08:00,3,3
Manila,2026-01-30 13:03:03+08:00,2026-01-30 14:03:03+08:00,3,3
Manila,2026-01-30 14:04:28+08:00,2026-01-30 15:04:28+08:00,3,3
Manila,2026-01-30 15:02:59+08:00,2026-01-30 16:02:59+08:00,3,3
Manila,2026-01-30 16:03:03+08:00,2026-01-30 17:03:03+08:00,3,3
Manila,2026-01-30 17:02:54+08:00,2026-01-30 18:02:54+08:00,3,3
Manila,2026-01-30 18:03:03+08:00,2026-01-30 19:03:03+08:00,3,3
Manila,2026-01-30 19:00:35+08:00,2026-01-30 20:00:35+08:00,3,3
Manila,2026-01-30 20:03:01+08:00,2026-01-30 21:03:01+08:00,2,2
Manila,2026-01-30 21:02:59+08:00,2026-01-30 22:02:59+08:00,2,2
Manila,2026-01-30 22:03:03+08:00,2026-01-30 23:03:03+08:00,2,2
Manila,2026-01-30 23:02:58+08:00,2026-01-31 00:02:58+08:00,2,2
Manila,2026-01-31 00:03:26+08:00,2026-01-31 01:03:26+08:00,2,2
Manila,2026-01-31 01:02:57+08:00,2026-01-31 02:02:57+08:00,2,2
Manila,2026-01-31 02:02:57+08:00,2026-01-31 03:02:57+08:00,2,2
Manila,2026-01-31 03:03:04+08:00,2026-01-31 04:03:04+08:00,2,2
Manila,2026-01-31 04:03:03+08:00,2026-01-31 05:03:03+08:00,2,2
Manila,2026-01-31 05:02:55+08:00,2026-01-31 06:02:55+08:00,2,2
Manila,2026-01-31 06:02:55+08:00,2026-01-31 07:02:55+08:00,2,2
Manila,2026-01-31 07:03:02+08:00,2026-01-31 08:03:02+08:00,2,2
Manila,2026-01-31 08:02:55+08:00,2026-01-31 09:02:55+08:00,2,2
Manila,2026-01-31 09:03:35+08:00,2026-01-31 10:03:35+08:00,3,3
Manila,2026-01-31 10:03:04+08:00,2026-01-31 11:03:04+08:00,3,3
Manila,2026-01-31 11:02:59+08:00,2026-01-31 12:02:59+08:00,3,3
Manila,2026-01-31 12:03:02+08:00,2026-01-31 13:03:02+08:00,3,3
Manila,2026-01-31 13:03:03+08:00,2026-01-31 14:03:03+08:00,3,3
Manila,2026-01-31 14:02:49+08:00,2026-01-31 15:02:49+08:00,3,3
Manila,2026-01-31 15:03:02+08:00,2026-01-31 16:03:02+08:00,3,3
Manila,2026-01-31 16:02:58+08:00,2026-01-31 17:02:58+08:00,3,3
Manila,2026-01-31 17:02:54+08:00,2026-01-31 18:02:54+08:00,3,3
Manila,2026-01-31 18:02:56+08:00,2026-01-31 19:02:56+08:00,3,3
Manila,2026-01-31 19:02:59+08:00,2026-01-31 20:02:59+08:00,3,3
Manila,2026-01-31 20:03:00+08:00,2026-01-31 21:03:00+08:00,2,2
Manila,2026-01-31 21:03:08+08:00,2026-01-31 22:03:08+08:00,2,2
Manila,2026-01-31 22:02:58+08:00,2026-01-31 23:02:58+08:00,2,2
Pasig,2026-01-26 00:04:51+08:00,2026-01-26 01:04:51+08:00,2,2
Pasig,2026-01-26 01:03:35+08:00,2026-01-26 02:03:35+08:00,2,2
Pasig,2026-01-26 02:03:29+08:00,2026-01-26 03:03:29+08:00,2,2
Pasig,2026-01-26 03:03:32+08:00,2026-01-26 04:03:32+08:00,2,2
Pasig,2026-01-26 04:03:30+08:00,2026-01-26 05:03:30+08:00,2,2
Pasig,2026-01-26 05:03:23+08:00,2026-01-26 06:03:23+08:00,2,2
Pasig,2026-01-26 06:03:30+08:00,2026-01-26 07:03:30+08:00,2,2
Pasig,2026-01-26 07:03:31+08:00,2026-01-26 08:03:31+08:00,2,2
Pasig,2026-01-26 08:03:16+08:00,2026-01-26 09:03:16+08:00,2,2
Pasig,2026-01-26 09:03:29+08:00,2026-01-26 10:03:29+08:00,2,2
Pasig,2026-01-26 10:03:35+08:00,2026-01-26 11:03:35+08:00,2,3
Pasig,2026-01-26 11:03:48+08:00,2026-01-26 12:03:48+08:00,3,3
Pasig,2026-01-26 12:03:31+08:00,2026-01-26 13:03:31+08:00,3,3
Pasig,2026-01-26 13:03:25+08:00,2026-01-26 14:03:25+08:00,3,3
Pasig,2026-01-26 14:03:34+08:00,2026-01-26 15:03:34+08:00,3,3
Pasig,2026-01-26 15:03:27+08:00,2026-01-26 16:03:27+08:00,3,3
Pasig,2026-01-26 16:03:31+08:00,2026-01-26 17:03:31+08:00,3,3
Pasig,2026-01-26 17:03:38+08:00,2026-01-26 18:03:38+08:00,2,3
Pasig,2026-01-26 18:03:32+08:00,2026-01-26 19:03:32+08:00,2,2
Pasig,2026-01-26 19:03:30+08:00,2026-01-26 20:03:30+08:00,2,2
Pasig,2026-01-26 20:03:26+08:00,2026-01-26 21:03:26+08:00,2,2
Pasig,2026-01-26 21:03:33+08:00,2026-01-26 22:03:33+08:00,2,2
Pasig,2026-01-26 22:03:30+08:00,2026-01-26 23:03:30+08:00,2,2
Pasig,2026-01-26 23:03:32+08:00,2026-01-27 00:03:32+08:00,2,2
Pasig,2026-01-27 00:03:54+08:00,2026-01-27 01:03:54+08:00,2,2
Pasig,2026-01-27 01:03:29+08:00,2026-01-27 02:03:29+08:00,1,2
Pasig,2026-01-27 02:03:26+08:00,2026-01-27 03:03:26+08:00,1,2
Pasig,2026-01-27 03:03:24+08:00,2026-01-27 04:03:24+08:00,1,1
Pasig,2026-01-27 04:03:34+08:00,2026-01-27 05:03:34+08:00,1,1
Pasig,2026-01-27 05:03:23+08:00,2026-01-27 06:03:23+08:00,1,1
Pasig,2026-01-27 06:03:28+08:00,2026-01-27 07:03:28+08:00,1,1
Pasig,2026-01-27 07:03:33+08:00,2026-01-27 08:03:33+08:00,1,1
Pasig,2026-01-27 08:03:24+08:00,2026-01-27 09:03:24+08:00,2,2
Pasig,2026-01-27 09:03:27+08:00,2026-01-27 10:03:27+08:00,2,2
Pasig,2026-01-27 10:03:23+08:00,2026-01-27 11:03:23+08:00,2,2
Pasig,2026-01-27 11:03:28+08:00,2026-01-27 12:03:28+08:00,3,3
Pasig,2026-01-27 12:03:20+08:00,2026-01-27 13:03:20+08:00,3,3
Pasig,2026-01-27 13:03:24+08:00,2026-01-27 14:03:24+08:00,3,3
Pasig,2026-01-27 14:03:35+08:00,2026-01-27 15:03:35+08:00,3,3
Pasig,2026-01-27 15:03:29+08:00,2026-01-27 16:03:29+08:00,3,3
Pasig,2026-01-27 16:03:31+08:00,2026-01-27 17:03:31+08:00,3,3
Pasig,2026-01-27 17:03:54+08:00,2026-01-27 18:03:54+08:00,2,3
Pasig,2026-01-27 18:04:19+08:00,2026-01-27 19:04:19+08:00,2,2
Pasig,2026-01-27 19:03:42+08:00,2026-01-27 20:03:42+08:00,2,2
Pasig,2026-01-27 20:03:48+08:00,2026-01-27 21:03:48+08:00,2,2
Pasig,2026-01-27 21:03:34+08:00,2026-01-27 22:03:34+08:00,2,2
Pasig,2026-01-27 22:03:34+08:00,2026-01-27 23:03:34+08:00,2,2
Pasig,2026-01-27 23:03:33+08:00,2026-01-28 00:03:33+08:00,2,2
Pasig,2026-01-28 00:03:37+08:00,2026-01-28 01:03:37+08:00,2,2
Pasig,2026-01-28 01:03:24+08:00,2026-01-28 02:03:24+08:00,2,2
Pasig,2026-01-28 02:03:25+08:00,2026-01-28 03:03:25+08:00,2,2
Pasig,2026-01-28 03:03:32+08:00,2026-01-28 04:03:32+08:00,2,2
Pasig,2026-01-28 04:03:34+08:00,2026-01-28 05:03:34+08:00,2,2
Pasig,2026-01-28 05:03:40+08:00,2026-01-28 06:03:40+08:00,2,2
Pasig,2026-01-28 06:03:28+08:00,2026-01-28 07:03:28+08:00,2,2
Pasig,2026-01-28 07:03:20+08:00,2026-01-28 08:03:20+08:00,2,2
Pasig,2026-01-28 08:03:47+08:00,2026-01-28 09:03:47+08:00,2,2
Pasig,2026-01-28 09:03:16+08:00,2026-01-28 10:03:16+08:00,2,2
Pasig,2026-01-28 10:03:35+08:00,2026-01-28 11:03:35+08:00,3,2
Pasig,2026-01-28 11:03:30+08:00,2026-01-28 12:03:30+08:00,3,3
Pasig,2026-01-28 12:03:29+08:00,2026-01-28 13:03:29+08:00,3,3
Pasig,2026-01-28 13:03:20+08:00,2026-01-28 14:03:20+08:00,3,3
Pasig,2026-01-28 14:03:21+08:00,2026-01-28 15:03:21+08:00,3,3
Pasig,2026-01-28 15:03:34+08:00,2026-01-28 16:03:34+08:00,3,3
Pasig,2026-01-28 16:03:36+08:00,2026-01-28 17:03:36+08:00,3,3
Pasig,2026-01-28 17:03:25+08:00,2026-01-28 18:03:25+08:00,3,3
Pasig,2026-01-28 18:03:33+08:00,2026-01-28 19:03:33+08:00,3,3
Pasig,2026-01-28 19:03:33+08:00,2026-01-28 20:03:33+08:00,2,2
Pasig,2026-01-28 20:03:32+08:00,2026-01-28 21:03:32+08:00,2,2
Pasig,2026-01-28 21:03:35+08:00,2026-01-28 22:03:35+08:00,2,2
Pasig,2026-01-28 22:03:42+08:00,2026-01-28 23:03:42+08:00,2,2
Pasig,2026-01-28 23:03:35+08:00,2026-01-29 00:03:35+08:00,2,2
Pasig,2026-01-29 00:03:47+08:00,2026-01-29 01:03:47+08:00,2,2
Pasig,2026-01-29 01:03:27+08:00,2026-01-29 02:03:27+08:00,2,2
Pasig,2026-01-29 02:03:29+08:00,2026-01-29 03:03:29+08:00,2,2
Pasig,2026-01-29 03:03:26+08:00,2026-01-29 04:03:26+08:00,2,2
Pasig,2026-01-29 04:03:23+08:00,2026-01-29 05:03:23+08:00,2,2
Pasig,2026-01-29 05:03:23+08:00,2026-01-29 06:03:23+08:00,2,2
Pasig,2026-01-29 06:03:23+08:00,2026-01-29 07:03:23+08:00,2,2
Pasig,2026-01-29 07:03:32+08:00,2026-01-29 08:03:32+08:00,2,2
Pasig,2026-01-29 08:03:28+08:00,2026-01-29 09:03:28+08:00,2,2
Pasig,2026-01-29 09:03:29+08:00,2026-01-29 10:03:29+08:00,2,2
Pasig,2026-01-29 10:03:24+08:00,2026-01-29 11:03:24+08:00,2,2
Pasig,2026-01-29 11:03:29+08:00,2026-01-29 12:03:29+08:00,3,3
Pasig,2026-01-29 12:03:29+08:00,2026-01-29 13:03:29+08:00,3,3
Pasig,2026-01-29 13:03:27+08:00,2026-01-29 14:03:27+08:00,3,3
Pasig,2026-01-29 14:03:34+08:00,2026-01-29 15:03:34+08:00,3,3
Pasig,2026-01-29 15:03:30+08:00,2026-01-29 16:03:30+08:00,3,3
Pasig,2026-01-29 16:03:28+08:00,2026-01-29 17:03:28+08:00,3,3
Pasig,2026-01-29 17:03:47+08:00,2026-01-29 18:03:47+08:00,2,3
Pasig,2026-01-29 18:03:29+08:00,2026-01-29 19:03:29+08:00,2,2
Pasig,2026-01-29 19:03:34+08:00,2026-01-29 20:03:34+08:00,2,2
Pasig,2026-01-29 20:03:36+08:00,2026-01-29 21:03:36+08:00,2,2
Pasig,2026-01-29 21:03:41+08:00,2026-01-29 22:03:41+08:00,2,2
Pasig,2026-01-29 22:03:33+08:00,2026-01-29 23:03:33+08:00,2,2
Pasig,2026-01-29 23:03:34+08:00,2026-01-30 00:03:34+08:00,2,2
Pasig,2026-01-30 00:03:29+08:00,2026-01-30 01:03:29+08:00,2,2
Pasig,2026-01-30 01:03:46+08:00,2026-01-30 02:03:46+08:00,2,2
Pasig,2026-01-30 02:03:25+08:00,2026-01-30 03:03:25+08:00,2,2
Pasig,2026-01-30 03:03:34+08:00,2026-01-30 04:03:34+08:00,2,2
Pasig,2026-01-30 04:03:28+08:00,2026-01-30 05:03:28+08:00,2,2
Pasig,2026-01-30 05:03:28+08:00,2026-01-30 06:03:28+08:00,2,2
Pasig,2026-01-30 07:03:25+08:00,2026-01-30 08:03:25+08:00,2,2
Pasig,2026-01-30 08:03:49+08:00,2026-01-30 09:03:49+08:00,2,2
Pasig,2026-01-30 09:03:25+08:00,2026-01-30 10:03:25+08:00,2,2
Pasig,2026-01-30 10:03:27+08:00,2026-01-30 11:03:27+08:00,2,2
Pasig,2026-01-30 11:10:38+08:00,2026-01-30 12:10:38+08:00,3,3
Pasig,2026-01-30 12:03:32+08:00,2026-01-30 13:03:32+08:00,3,3
Pasig,2026-01-30 13:03:36+08:00,2026-01-30 14:03:36+08:00,3,3
Pasig,2026-01-30 14:05:03+08:00,2026-01-30 15:05:03+08:00,3,3
Pasig,2026-01-30 15:03:33+08:00,2026-01-30 16:03:33+08:00,3,3
Pasig,2026-01-30 16:03:33+08:00,2026-01-30 17:03:33+08:00,3,3
Pasig,2026-01-30 17:03:23+08:00,2026-01-30 18:03:23+08:00,3,3
Pasig,2026-01-30 18:03:34+08:00,2026-01-30 19:03:34+08:00,3,3
Pasig,2026-01-30 19:03:36+08:00,2026-01-30 20:03:36+08:00,2,2
Pasig,2026-01-30 20:03:35+08:00,2026-01-30 21:03:35+08:00,2,2
Pasig,2026-01-30 21:03:30+08:00,2026-01-30 22:03:30+08:00,2,2
Pasig,2026-01-30 22:03:35+08:00,2026-01-30 23:03:35+08:00,2,2
Pasig,2026-01-30 23:03:31+08:00,2026-01-31 00:03:31+08:00,2,2
Pasig,2026-01-31 00:04:03+08:00,2026-01-31 01:04:03+08:00,2,2
Pasig,2026-01-31 01:03:29+08:00,2026-01-31 02:03:29+08:00,2,2
Pasig,2026-01-31 02:03:28+08:00,2026-01-31 03:03:28+08:00,2,2
Pasig,2026-01-31 03:03:37+08:00,2026-01-31 04:03:37+08:00,2,2
Pasig,2026-01-31 04:03:32+08:00,2026-01-31 05:03:32+08:00,2,2
Pasig,2026-01-31 05:03:27+08:00,2026-01-31 06:03:27+08:00,2,2
Pasig,2026-01-31 06:03:25+08:00,2026-01-31 07:03:25+08:00,2,2
Pasig,2026-01-31 07:03:31+08:00,2026-01-31 08:03:31+08:00,2,2
Pasig,2026-01-31 08:03:28+08:00,2026-01-31 09:03:28+08:00,2,2
Pasig,2026-01-31 09:04:05+08:00,2026-01-31 10:04:05+08:00,2,3
Pasig,2026-01-31 10:03:37+08:00,2026-01-31 11:03:37+08:00,3,3
Pasig,2026-01-31 11:03:34+08:00,2026-01-31 12:03:34+08:00,3,3
Pasig,2026-01-31 12:03:35+08:00,2026-01-31 13:03:35+08:00,3,3
Pasig,2026-01-31 13:03:36+08:00,2026-01-31 14:03:36+08:00,3,3
Pasig,2026-01-31 14:03:18+08:00,2026-01-31 15:03:18+08:00,3,3
Pasig,2026-01-31 15:03:34+08:00,2026-01-31 16:03:34+08:00,3,3
Pasig,2026-01-31 16:03:29+08:00,2026-01-31 17:03:29+08:00,3,3
Pasig,2026-01-31 17:03:24+08:00,2026-01-31 18:03:24+08:00,3,3
Pasig,2026-01-31 18:03:27+08:00,2026-01-31 19:03:27+08:00,3,3
Pasig,2026-01-31 19:03:35+08:00,2026-01-31 20:03:35+08:00,3,3
Pasig,2026-01-31 20:03:34+08:00,2026-01-31 21:03:34+08:00,2,2
Pasig,2026-01-31 21:03:37+08:00,2026-01-31 22:03:37+08:00,2,2
Pasig,2026-01-31 22:03:29+08:00,2026-01-31 23:03:29+08:00,2,2
Quezon City,2026-01-25 21:03:58+08:00,2026-01-25 22:03:58+08:00,2,2
Quezon City,2026-01-25 22:03:50+08:00,2026-01-25 23:03:50+08:00,2,2
Quezon City,2026-01-25 23:03:51+08:00,2026-01-26 00:03:51+08:00,2,2
Quezon City,2026-01-26 00:04:55+08:00,2026-01-26 01:04:55+08:00,2,2
Quezon City,2026-01-26 01:03:39+08:00,2026-01-26 02:03:39+08:00,2,2
Quezon City,2026-01-26 02:03:33+08:00,2026-01-26 03:03:33+08:00,2,2
Quezon City,2026-01-26 03:03:36+08:00,2026-01-26 04:03:36+08:00,2,2
Quezon City,2026-01-26 04:03:35+08:00,2026-01-26 05:03:35+08:00,2,2
Quezon City,2026-01-26 05:03:27+08:00,2026-01-26 06:03:27+08:00,2,2
Quezon City,2026-01-26 06:03:35+08:00,2026-01-26 07:03:35+08:00,2,2
Quezon City,2026-01-26 07:03:34+08:00,2026-01-26 08:03:34+08:00,2,2
Quezon City,2026-01-26 08:03:21+08:00,2026-01-26 09:03:21+08:00,2,2
Quezon City,2026-01-26 09:03:34+08:00,2026-01-26 10:03:34+08:00,2,2
Quezon City,2026-01-26 10:03:40+08:00,2026-01-26 11:03:40+08:00,2,3
Quezon City,2026-01-26 11:03:53+08:00,2026-01-26 12:03:53+08:00,3,3
Quezon City,2026-01-26 12:03:36+08:00,2026-01-26 13:03:36+08:00,3,3
Quezon City,2026-01-26 13:03:28+08:00,2026-01-26 14:03:28+08:00,3,3
Quezon City,2026-01-26 14:03:39+08:00,2026-01-26 15:03:39+08:00,3,3
Quezon City,2026-01-26 15:03:31+08:00,2026-01-26 16:03:31+08:00,3,3
Quezon City,2026-01-26 16:03:34+08:00,2026-01-26 17:03:34+08:00,3,3
Quezon City,2026-01-26 17:03:42+08:00,2026-01-26 18:03:42+08:00,2,3
Quezon City,2026-01-26 18:03:37+08:00,2026-01-26 19:03:37+08:00,2,2
Quezon City,2026-01-26 19:03:34+08:00,2026-01-26 20:03:34+08:00,2,2
Quezon City,2026-01-26 20:03:31+08:00,2026-01-26 21:03:31+08:00,2,2
Quezon City,2026-01-26 21:03:38+08:00,2026-01-26 22:03:38+08:00,2,2
Quezon City,2026-01-26 22:03:34+08:00,2026-01-26 23:03:34+08:00,2,2
Quezon City,2026-01-26 23:03:35+08:00,2026-01-27 00:03:35+08:00,2,2
Quezon City,2026-01-27 00:03:57+08:00,2026-01-27 01:03:57+08:00,2,2
Quezon City,2026-01-27 01:03:34+08:00,2026-01-27 02:03:34+08:00,2,2
Quezon City,2026-01-27 02:03:30+08:00,2026-01-27 03:03:30+08:00,2,2
Quezon City,2026-01-27 03:03:29+08:00,2026-01-27 04:03:29+08:00,2,2
Quezon City,2026-01-27 04:03:38+08:00,2026-01-27 05:03:38+08:00,2,2
Quezon City,2026-01-27 05:03:27+08:00,2026-01-27 06:03:27+08:00,2,2
Quezon City,2026-01-27 06:03:32+08:00,2026-01-27 07:03:32+08:00,2,2
Quezon City,2026-01-27 07:03:38+08:00,2026-01-27 08:03:38+08:00,2,2
Quezon City,2026-01-27 08:03:27+08:00,2026-01-27 09:03:27+08:00,2,2
Quezon City,2026-01-27 09:03:32+08:00,2026-01-27 10:03:32+08:00,2,2
Quezon City,2026-01-27 10:03:27+08:00,2026-01-27 11:03:27+08:00,3,3
Quezon City,2026-01-27 11:03:31+08:00,2026-01-27 12:03:31+08:00,3,3
Quezon City,2026-01-27 12:03:24+08:00,2026-01-27 13:03:24+08:00,3,3
Quezon City,2026-01-27 13:03:28+08:00,2026-01-27 14:03:28+08:00,3,3
Quezon City,2026-01-27 14:03:40+08:00,2026-01-27 15:03:40+08:00,3,3
Quezon City,2026-01-27 15:03:33+08:00,2026-01-27 16:03:33+08:00,3,3
Quezon City,2026-01-27 16:03:36+08:00,2026-01-27 17:03:36+08:00,3,3
Quezon City,2026-01-27 17:03:58+08:00,2026-01-27 18:03:58+08:00,2,3
Quezon City,2026-01-27 18:04:24+08:00,2026-01-27 19:04:24+08:00,2,2
Quezon City,2026-01-27 19:03:47+08:00,2026-01-27 20:03:47+08:00,2,2
Quezon City,2026-01-27 20:03:52+08:00,2026-01-27 21:03:52+08:00,2,2
Quezon City,2026-01-27 21:03:38+08:00,2026-01-27 22:03:38+08:00,2,2
Quezon City,2026-01-27 22:03:37+08:00,2026-01-27 23:03:37+08:00,2,2
Quezon City,2026-01-27 23:03:38+08:00,2026-01-28 00:03:38+08:00,2,2
Quezon City,2026-01-28 00:03:41+08:00,2026-01-28 01:03:41+08:00,2,2
Quezon City,2026-01-28 01:03:28+08:00,2026-01-28 02:03:28+08:00,2,2
Quezon City,2026-01-28 02:03:29+08:00,2026-01-28 03:03:29+08:00,2,2
Quezon City,2026-01-28 03:03:38+08:00,2026-01-28 04:03:38+08:00,2,2
Quezon City,2026-01-28 04:03:39+08:00,2026-01-28 05:03:39+08:00,2,2
Quezon City,2026-01-28 05:03:45+08:00,2026-01-28 06:03:45+08:00,2,2
Quezon City,2026-01-28 06:03:31+08:00,2026-01-28 07:03:31+08:00,2,2
Quezon City,2026-01-28 07:03:23+08:00,2026-01-28 08:03:23+08:00,2,2
Quezon City,2026-01-28 08:03:52+08:00,2026-01-28 09:03:52+08:00,2,2
Quezon City,2026-01-28 09:03:21+08:00,2026-01-28 10:03:21+08:00,2,2
Quezon City,2026-01-28 10:03:38+08:00,2026-01-28 11:03:38+08:00,3,3
Quezon City,2026-01-28 11:03:34+08:00,2026-01-28 12:03:34+08:00,3,3
Quezon City,2026-01-28 12:03:33+08:00,2026-01-28 13:03:33+08:00,3,3
Quezon City,2026-01-28 13:03:45+08:00,2026-01-28 14:03:45+08:00,3,3
Quezon City,2026-01-28 14:03:25+08:00,2026-01-28 15:03:25+08:00,3,3
Quezon City,2026-01-28 16:03:41+08:00,2026-01-28 17:03:41+08:00,3,3
Quezon City,2026-01-28 17:03:29+08:00,2026-01-28 18:03:29+08:00,3,3
Quezon City,2026-01-28 18:03:37+08:00,2026-01-28 19:03:37+08:00,3,3
Quezon City,2026-01-28 19:03:37+08:00,2026-01-28 20:03:37+08:00,3,3
Quezon City,2026-01-28 20:03:37+08:00,2026-01-28 21:03:37+08:00,2,2
Quezon City,2026-01-28 21:03:39+08:00,2026-01-28 22:03:39+08:00,2,2
Quezon City,2026-01-28 22:03:47+08:00,2026-01-28 23:03:47+08:00,2,2
Quezon City,2026-01-28 23:03:38+08:00,2026-01-29 00:03:38+08:00,2,2
Quezon City,2026-01-29 00:03:51+08:00,2026-01-29 01:03:51+08:00,2,2
Quezon City,2026-01-29 01:03:31+08:00,2026-01-29 02:03:31+08:00,2,2
Quezon City,2026-01-29 02:03:33+08:00,2026-01-29 03:03:33+08:00,2,2
Quezon City,2026-01-29 03:03:30+08:00,2026-01-29 04:03:30+08:00,2,2
Quezon City,2026-01-29 04:03:27+08:00,2026-01-29 05:03:27+08:00,2,2
Quezon City,2026-01-29 05:03:28+08:00,2026-01-29 06:03:28+08:00,2,2
Quezon City,2026-01-29 06:03:27+08:00,2026-01-29 07:03:27+08:00,2,2
Quezon City,2026-01-29 07:03:36+08:00,2026-01-29 08:03:36+08:00,2,2
Quezon City,2026-01-29 08:03:33+08:00,2026-01-29 09:03:33+08:00,2,2
Quezon City,2026-01-29 09:03:33+08:00,2026-01-29 10:03:33+08:00,2,2
Quezon City,2026-01-29 10:03:28+08:00,2026-01-29 11:03:28+08:00,3,3
Quezon City,2026-01-29 11:03:34+08:00,2026-01-29 12:03:34+08:00,3,3
Quezon City,2026-01-29 12:03:33+08:00,2026-01-29 13:03:33+08:00,3,3
Quezon City,2026-01-29 13:03:31+08:00,2026-01-29 14:03:31+08:00,3,3
Quezon City,2026-01-29 14:03:39+08:00,2026-01-29 15:03:39+08:00,3,3
Quezon City,2026-01-29 15:03:34+08:00,2026-01-29 16:03:34+08:00,3,3
Quezon City,2026-01-29 16:03:33+08:00,2026-01-29 17:03:33+08:00,3,3
Quezon City,2026-01-29 17:03:53+08:00,2026-01-29 18:03:53+08:00,3,3
Quezon City,2026-01-29 18:03:34+08:00,2026-01-29 19:03:34+08:00,2,3
Quezon City,2026-01-29 20:03:41+08:00,2026-01-29 21:03:41+08:00,2,2
Quezon City,2026-01-29 21:03:46+08:00,2026-01-29 22:03:46+08:00,2,2
Quezon City,2026-01-29 22:03:38+08:00,2026-01-29 23:03:38+08:00,2,2
Quezon City,2026-01-29 23:03:39+08:00,2026-01-30 00:03:39+08:00,2,2
Quezon City,2026-01-30 00:03:33+08:00,2026-01-30 01:03:33+08:00,2,2
Quezon City,2026-01-30 01:03:51+08:00,2026-01-30 02:03:51+08:00,2,2
Quezon City,2026-01-30 02:03:30+08:00,2026-01-30 03:03:30+08:00,2,2
Quezon City,2026-01-30 03:03:38+08:00,2026-01-30 04:03:38+08:00,2,2
Quezon City,2026-01-30 04:03:32+08:00,2026-01-30 05:03:32+08:00,2,2
Quezon City,2026-01-30 05:03:34+08:00,2026-01-30 06:03:34+08:00,2,2
Quezon City,2026-01-30 06:03:36+08:00,2026-01-30 07:03:36+08:00,2,2
Quezon City,2026-01-30 07:03:29+08:00,2026-01-30 08:03:29+08:00,2,2
Quezon City,2026-01-30 08:03:53+08:00,2026-01-30 09:03:53+08:00,2,2
Quezon City,2026-01-30 09:03:29+08:00,2026-01-30 10:03:29+08:00,2,2
Quezon City,2026-01-30 10:03:31+08:00,2026-01-30 11:03:31+08:00,3,3
Quezon City,2026-01-30 11:06:08+08:00,2026-01-30 12:06:08+08:00,3,3
Quezon City,2026-01-30 12:03:37+08:00,2026-01-30 13:03:37+08:00,3,3
Quezon City,2026-01-30 13:03:40+08:00,2026-01-30 14:03:40+08:00,3,3
Quezon City,2026-01-30 14:05:07+08:00,2026-01-30 15:05:07+08:00,3,3
Quezon City,2026-01-30 15:03:37+08:00,2026-01-30 16:03:37+08:00,3,3
Quezon City,2026-01-30 16:03:36+08:00,2026-01-30 17:03:36+08:00,3,3
Quezon City,2026-01-30 17:03:28+08:00,2026-01-30 18:03:28+08:00,3,3
Quezon City,2026-01-30 18:03:39+08:00,2026-01-30 19:03:39+08:00,3,3
Quezon City,2026-01-30 19:03:40+08:00,2026-01-30 20:03:40+08:00,2,2
Quezon City,2026-01-30 20:03:40+08:00,2026-01-30 21:03:40+08:00,2,2
Quezon City,2026-01-30 21:03:36+08:00,2026-01-30 22:03:36+08:00,2,2
Quezon City,2026-01-30 22:03:39+08:00,2026-01-30 23:03:39+08:00,2,2
Quezon City,2026-01-30 23:03:35+08:00,2026-01-31 00:03:35+08:00,2,2
Quezon City,2026-01-31 00:04:06+08:00,2026-01-31 01:04:06+08:00,2,2
Quezon City,2026-01-31 01:03:33+08:00,2026-01-31 02:03:33+08:00,2,2
Quezon City,2026-01-31 02:03:31+08:00,2026-01-31 03:03:31+08:00,2,2
Quezon City,2026-01-31 03:03:40+08:00,2026-01-31 04:03:40+08:00,2,2
Quezon City,2026-01-31 04:03:35+08:00,2026-01-31 05:03:35+08:00,2,2
Quezon City,2026-01-31 05:03:31+08:00,2026-01-31 06:03:31+08:00,2,2
Quezon City,2026-01-31 06:03:30+08:00,2026-01-31 07:03:30+08:00,2,2
Quezon City,2026-01-31 07:03:36+08:00,2026-01-31 08:03:36+08:00,2,2
Quezon City,2026-01-31 08:03:32+08:00,2026-01-31 09:03:32+08:00,2,2
Quezon City,2026-01-31 09:04:10+08:00,2026-01-31 10:04:10+08:00,3,3
Quezon City,2026-01-31 10:03:41+08:00,2026-01-31 11:03:41+08:00,3,3
Quezon City,2026-01-31 11:03:38+08:00,2026-01-31 12:03:38+08:00,3,3
Quezon City,2026-01-31 12:03:39+08:00,2026-01-31 13:03:39+08:00,3,3
Quezon City,2026-01-31 13:03:41+08:00,2026-01-31 14:03:41+08:00,3,3
Quezon City,2026-01-31 14:03:22+08:00,2026-01-31 15:03:22+08:00,3,3
Quezon City,2026-01-31 15:03:38+08:00,2026-01-31 16:03:38+08:00,3,3
Quezon City,2026-01-31 16:03:33+08:00,2026-01-31 17:03:33+08:00,3,3
Quezon City,2026-01-31 17:03:28+08:00,2026-01-31 18:03:28+08:00,3,3
Quezon City,2026-01-31 18:03:31+08:00,2026-01-31 19:03:31+08:00,3,3
Quezon City,2026-01-31 19:03:39+08:00,2026-01-31 20:03:39+08:00,2,2
Quezon City,2026-01-31 20:03:39+08:00,2026-01-31 21:03:39+08:00,2,2
Quezon City,2026-01-31 21:03:40+08:00,2026-01-31 22:03:40+08:00,2,2
Quezon City,2026-01-31 22:03:34+08:00,2026-01-31 23:03:34+08:00,2,2
Taguig,2026-01-25 22:04:40+08:00,2026-01-25 23:04:40+08:00,2,2
Taguig,2026-01-25 23:04:43+08:00,2026-01-26 00:04:43+08:00,2,2
Taguig,2026-01-26 00:05:42+08:00,2026-01-26 01:05:42+08:00,2,2
Taguig,2026-01-26 01:04:30+08:00,2026-01-26 02:04:30+08:00,2,2
Taguig,2026-01-26 02:04:21+08:00,2026-01-26 03:04:21+08:00,2,2
Taguig,2026-01-26 03:04:21+08:00,2026-01-26 04:04:21+08:00,2,2
Taguig,2026-01-26 04:04:21+08:00,2026-01-26 05:04:21+08:00,2,2
Taguig,2026-01-26 05:04:15+08:00,2026-01-26 06:04:15+08:00,2,2
Taguig,2026-01-26 06:04:23+08:00,2026-01-26 07:04:23+08:00,2,2
Taguig,2026-01-26 07:04:20+08:00,2026-01-26 08:04:20+08:00,2,2
Taguig,2026-01-26 08:04:09+08:00,2026-01-26 09:04:09+08:00,2,2
Taguig,2026-01-26 09:04:15+08:00,2026-01-26 10:04:15+08:00,2,2
Taguig,2026-01-26 10:04:28+08:00,2026-01-26 11:04:28+08:00,2,3
Taguig,2026-01-26 11:04:39+08:00,2026-01-26 12:04:39+08:00,3,3
Taguig,2026-01-26 12:04:24+08:00,2026-01-26 13:04:24+08:00,3,3
Taguig,2026-01-26 13:04:13+08:00,2026-01-26 14:04:13+08:00,3,3
Taguig,2026-01-26 14:04:24+08:00,2026-01-26 15:04:24+08:00,3,3
Taguig,2026-01-26 15:04:17+08:00,2026-01-26 16:04:17+08:00,3,3
Taguig,2026-01-26 16:04:22+08:00,2026-01-26 17:04:22+08:00,3,3
Taguig,2026-01-26 17:04:28+08:00,2026-01-26 18:04:28+08:00,2,3
Taguig,2026-01-26 18:04:27+08:00,2026-01-26 19:04:27+08:00,2,2
Taguig,2026-01-26 19:04:21+08:00,2026-01-26 20:04:21+08:00,2,2
Taguig,2026-01-26 20:04:19+08:00,2026-01-26 21:04:19+08:00,2,2
Taguig,2026-01-26 21:04:26+08:00,2026-01-26 22:04:26+08:00,2,2
Taguig,2026-01-26 22:04:22+08:00,2026-01-26 23:04:22+08:00,2,2
Taguig,2026-01-26 23:04:21+08:00,2026-01-27 00:04:21+08:00,2,2
Taguig,2026-01-27 00:04:46+08:00,2026-01-27 01:04:46+08:00,2,2
Taguig,2026-01-27 01:04:24+08:00,2026-01-27 02:04:24+08:00,1,2
Taguig,2026-01-27 02:04:18+08:00,2026-01-27 03:04:18+08:00,1,2
Taguig,2026-01-27 03:04:15+08:00,2026-01-27 04:04:15+08:00,1,1
Taguig,2026-01-27 04:04:26+08:00,2026-01-27 05:04:26+08:00,1,1
Taguig,2026-01-27 05:04:16+08:00,2026-01-27 06:04:16+08:00,1,1
Taguig,2026-01-27 06:04:19+08:00,2026-01-27 07:04:19+08:00,1,1
Taguig,2026-01-27 07:04:25+08:00,2026-01-27 08:04:25+08:00,1,1
Taguig,2026-01-27 08:04:17+08:00,2026-01-27 09:04:17+08:00,2,2
Taguig,2026-01-27 09:04:17+08:00,2026-01-27 10:04:17+08:00,2,2
Taguig,2026-01-27 10:04:12+08:00,2026-01-27 11:04:12+08:00,2,2
Taguig,2026-01-27 11:04:20+08:00,2026-01-27 12:04:20+08:00,3,3
Taguig,2026-01-27 12:04:11+08:00,2026-01-27 13:04:11+08:00,3,3
Taguig,2026-01-27 13:04:14+08:00,2026-01-27 14:04:14+08:00,3,3
Taguig,2026-01-27 14:04:27+08:00,2026-01-27 15:04:27+08:00,3,3
Taguig,2026-01-27 15:04:18+08:00,2026-01-27 16:04:18+08:00,3,3
Taguig,2026-01-27 16:04:22+08:00,2026-01-27 17:04:22+08:00,3,3
Taguig,2026-01-27 17:04:45+08:00,2026-01-27 18:04:45+08:00,2,3
Taguig,2026-01-27 18:05:16+08:00,2026-01-27 19:05:16+08:00,2,2
Taguig,2026-01-27 19:04:41+08:00,2026-01-27 20:04:41+08:00,2,2
Taguig,2026-01-27 20:04:44+08:00,2026-01-27 21:04:44+08:00,2,2
Taguig,2026-01-27 21:04:25+08:00,2026-01-27 22:04:25+08:00,2,2
Taguig,2026-01-27 22:04:27+08:00,2026-01-27 23:04:27+08:00,2,2
Taguig,2026-01-27 23:04:24+08:00,2026-01-28 00:04:24+08:00,2,2
Taguig,2026-01-28 00:04:31+08:00,2026-01-28 01:04:31+08:00,2,2
Taguig,2026-01-28 01:04:15+08:00,2026-01-28 02:04:15+08:00,2,2
Taguig,2026-01-28 02:04:19+08:00,2026-01-28 03:04:19+08:00,2,2
Taguig,2026-01-28 03:04:23+08:00,2026-01-28 04:04:23+08:00,2,2
Taguig,2026-01-28 04:04:26+08:00,2026-01-28 05:04:26+08:00,2,2
Taguig,2026-01-28 05:04:31+08:00,2026-01-28 06:04:31+08:00,2,2
Taguig,2026-01-28 06:04:18+08:00,2026-01-28 07:04:18+08:00,2,2
Taguig,2026-01-28 07:04:09+08:00,2026-01-28 08:04:09+08:00,2,2
Taguig,2026-01-28 08:04:38+08:00,2026-01-28 09:04:38+08:00,2,2
Taguig,2026-01-28 09:04:07+08:00,2026-01-28 10:04:07+08:00,2,2
Taguig,2026-01-28 10:04:28+08:00,2026-01-28 11:04:28+08:00,3,2
Taguig,2026-01-28 11:04:18+08:00,2026-01-28 12:04:18+08:00,3,3
Taguig,2026-01-28 12:04:26+08:00,2026-01-28 13:04:26+08:00,3,3
Taguig,2026-01-28 13:04:29+08:00,2026-01-28 14:04:29+08:00,3,3
Taguig,2026-01-28 14:04:12+08:00,2026-01-28 15:04:12+08:00,3,3
Taguig,2026-01-28 15:04:24+08:00,2026-01-28 16:04:24+08:00,3,3
Taguig,2026-01-28 16:04:24+08:00,2026-01-28 17:04:24+08:00,3,3
Taguig,2026-01-28 17:04:15+08:00,2026-01-28 18:04:15+08:00,3,3
Taguig,2026-01-28 18:04:25+08:00,2026-01-28 19:04:25+08:00,3,3
Taguig,2026-01-28 19:04:24+08:00,2026-01-28 20:04:24+08:00,2,2
Taguig,2026-01-28 20:04:25+08:00,2026-01-28 21:04:25+08:00,2,2
Taguig,2026-01-28 21:04:26+08:00,2026-01-28 22:04:26+08:00,2,2
Taguig,2026-01-28 22:04:34+08:00,2026-01-28 23:04:34+08:00,2,2
Taguig,2026-01-28 23:04:24+08:00,2026-01-29 00:04:24+08:00,2,2
Taguig,2026-01-29 00:04:37+08:00,2026-01-29 01:04:37+08:00,2,2
Taguig,2026-01-29 01:04:18+08:00,2026-01-29 02:04:18+08:00,2,2
Taguig,2026-01-29 02:04:20+08:00,2026-01-29 03:04:20+08:00,2,2
Taguig,2026-01-29 03:04:14+08:00,2026-01-29 04:04:14+08:00,2,2
Taguig,2026-01-29 04:04:15+08:00,2026-01-29 05:04:15+08:00,2,2
Taguig,2026-01-29 05:04:12+08:00,2026-01-29 06:04:12+08:00,2,2
Taguig,2026-01-29 06:04:12+08:00,2026-01-29 07:04:12+08:00,2,2
Taguig,2026-01-29 07:04:24+08:00,2026-01-29 08:04:24+08:00,2,2
Taguig,2026-01-29 08:04:22+08:00,2026-01-29 09:04:22+08:00,2,2
Taguig,2026-01-29 09:04:52+08:00,2026-01-29 10:04:52+08:00,2,2
Taguig,2026-01-29 10:04:14+08:00,2026-01-29 11:04:14+08:00,2,2
Taguig,2026-01-29 11:04:20+08:00,2026-01-29 12:04:20+08:00,3,2
Taguig,2026-01-29 12:04:24+08:00,2026-01-29 13:04:24+08:00,3,3
Taguig,2026-01-29 13:04:19+08:00,2026-01-29 14:04:19+08:00,3,3
Taguig,2026-01-29 14:04:23+08:00,2026-01-29 15:04:23+08:00,3,3
Taguig,2026-01-29 15:04:18+08:00,2026-01-29 16:04:18+08:00,3,3
Taguig,2026-01-29 16:04:22+08:00,2026-01-29 17:04:22+08:00,3,3
Taguig,2026-01-29 17:04:40+08:00,2026-01-29 18:04:40+08:00,2,3
Taguig,2026-01-29 18:04:21+08:00,2026-01-29 19:04:21+08:00,2,2
Taguig,2026-01-29 19:04:27+08:00,2026-01-29 20:04:27+08:00,2,2
Taguig,2026-01-29 20:04:26+08:00,2026-01-29 21:04:26+08:00,2,2
Taguig,2026-01-29 21:04:35+08:00,2026-01-29 22:04:35+08:00,2,2
Taguig,2026-01-29 22:04:26+08:00,2026-01-29 23:04:26+08:00,2,2
Taguig,2026-01-29 23:04:26+08:00,2026-01-30 00:04:26+08:00,2,2
Taguig,2026-01-30 00:04:18+08:00,2026-01-30 01:04:18+08:00,2,2
Taguig,2026-01-30 01:04:41+08:00,2026-01-30 02:04:41+08:00,2,2
Taguig,2026-01-30 02:04:14+08:00,2026-01-30 03:04:14+08:00,2,2
Taguig,2026-01-30 03:04:27+08:00,2026-01-30 04:04:27+08:00,2,2
Taguig,2026-01-30 04:04:21+08:00,2026-01-30 05:04:21+08:00,2,2
Taguig,2026-01-30 05:04:21+08:00,2026-01-30 06:04:21+08:00,2,2
Taguig,2026-01-30 06:04:22+08:00,2026-01-30 07:04:22+08:00,2,2
Taguig,2026-01-30 07:04:16+08:00,2026-01-30 08:04:16+08:00,2,2
Taguig,2026-01-30 08:04:41+08:00,2026-01-30 09:04:41+08:00,2,2
Taguig,2026-01-30 09:04:15+08:00,2026-01-30 10:04:15+08:00,2,2
Taguig,2026-01-30 10:04:15+08:00,2026-01-30 11:04:15+08:00,2,2
Taguig,2026-01-30 11:11:28+08:00,2026-01-30 12:11:28+08:00,3,3
Taguig,2026-01-30 12:04:21+08:00,2026-01-30 13:04:21+08:00,3,3
Taguig,2026-01-30 13:04:29+08:00,2026-01-30 14:04:29+08:00,3,3
Taguig,2026-01-30 14:05:59+08:00,2026-01-30 15:05:59+08:00,3,3
Taguig,2026-01-30 15:04:23+08:00,2026-01-30 16:04:23+08:00,3,3
Taguig,2026-01-30 16:04:22+08:00,2026-01-30 17:04:22+08:00,3,3
Taguig,2026-01-30 17:04:14+08:00,2026-01-30 18:04:14+08:00,3,3
Taguig,2026-01-30 18:04:23+08:00,2026-01-30 19:04:23+08:00,3,3
Taguig,2026-01-30 19:04:27+08:00,2026-01-30 20:04:27+08:00,2,2
Taguig,2026-01-30 20:04:30+08:00,2026-01-30 21:04:30+08:00,2,2
Taguig,2026-01-30 21:04:22+08:00,2026-01-30 22:04:22+08:00,2,2
Taguig,2026-01-30 22:04:31+08:00,2026-01-30 23:04:31+08:00,2,2
Taguig,2026-01-30 23:04:19+08:00,2026-01-31 00:04:19+08:00,2,2
Taguig,2026-01-31 00:04:50+08:00,2026-01-31 01:04:50+08:00,2,2
Taguig,2026-01-31 01:04:19+08:00,2026-01-31 02:04:19+08:00,2,2
Taguig,2026-01-31 02:04:18+08:00,2026-01-31 03:04:18+08:00,2,2
Taguig,2026-01-31 03:04:24+08:00,2026-01-31 04:04:24+08:00,2,2
Taguig,2026-01-31 04:04:18+08:00,2026-01-31 05:04:18+08:00,2,2
Taguig,2026-01-31 05:04:21+08:00,2026-01-31 06:04:21+08:00,2,2
Taguig,2026-01-31 06:04:18+08:00,2026-01-31 07:04:18+08:00,2,2
Taguig,2026-01-31 07:04:26+08:00,2026-01-31 08:04:26+08:00,2,2
Taguig,2026-01-31 08:04:18+08:00,2026-01-31 09:04:18+08:00,2,2
Taguig,2026-01-31 09:04:57+08:00,2026-01-31 10:04:57+08:00,2,3
Taguig,2026-01-31 10:04:31+08:00,2026-01-31 11:04:31+08:00,3,3
Taguig,2026-01-31 11:04:27+08:00,2026-01-31 12:04:27+08:00,3,3
Taguig,2026-01-31 12:04:22+08:00,2026-01-31 13:04:22+08:00,3,3
Taguig,2026-01-31 13:04:32+08:00,2026-01-31 14:04:32+08:00,3,3
Taguig,2026-01-31 14:04:10+08:00,2026-01-31 15:04:10+08:00,3,3
Taguig,2026-01-31 15:04:21+08:00,2026-01-31 16:04:21+08:00,3,3
Taguig,2026-01-31 16:04:20+08:00,2026-01-31 17:04:20+08:00,3,3
Taguig,2026-01-31 18:04:19+08:00,2026-01-31 19:04:19+08:00,3,3
Taguig,2026-01-31 19:04:28+08:00,2026-01-31 20:04:28+08:00,3,3
Taguig,2026-01-31 20:04:25+08:00,2026-01-31 21:04:25+08:00,2,2
Taguig,2026-01-31 21:04:29+08:00,2026-01-31 22:04:29+08:00,2,2
Taguig,2026-01-31 22:04:25+08:00,2026-01-31 23:04:25+08:00,2,2
