city_name,missing_datetime
Caloocan City,2026-01-03 16:00:00+08:00
Caloocan City,2026-01-03 22:00:00+08:00
Caloocan City,2026-01-04 02:00:00+08:00
Caloocan City,2026-01-04 15:00:00+08:00
Caloocan City,2026-01-04 20:00:00+08:00
Caloocan City,2026-01-05 02:00:00+08:00
Caloocan City,2026-01-05 14:00:00+08:00
Caloocan City,2026-01-06 01:00:00+08:00
Caloocan City,2026-01-06 03:00:00+08:00
Caloocan City,2026-01-06 09:00:00+08:00
Caloocan City,2026-01-06 19:00:00+08:00
Caloocan City,2026-01-06 22:00:00+08:00
Caloocan City,2026-01-07 01:00:00+08:00
Caloocan City,2026-01-07 04:00:00+08:00
Caloocan City,2026-01-07 12:00:00+08:00
Caloocan City,2026-01-07 19:00:00+08:00
Caloocan City,2026-01-08 00:00:00+08:00
Caloocan City,2026-01-08 03:00:00+08:00
Caloocan City,2026-01-08 08:00:00+08:00
Caloocan City,2026-01-08 13:00:00+08:00
Caloocan City,2026-01-08 21:00:00+08:00
Caloocan City,2026-01-09 03:00:00+08:00
Caloocan City,2026-01-09 11:00:00+08:00
Caloocan City,2026-01-09 16:00:00+08:00
Caloocan City,2026-01-10 04:00:00+08:00
Caloocan City,2026-01-10 10:00:00+08:00
Caloocan City,2026-01-10 17:00:00+08:00
Caloocan City,2026-01-11 01:00:00+08:00
Caloocan City,2026-01-11 09:00:00+08:00
Caloocan City,2026-01-12 01:00:00+08:00
Caloocan City,2026-01-12 05:00:00+08:00
Caloocan City,2026-01-12 09:00:00+08:00
Caloocan City,2026-01-13 12:00:00+08:00
Caloocan City,2026-01-13 20:00:00+08:00
Caloocan City,2026-01-14 08:00:00+08:00
Caloocan City,2026-01-14 12:00:00+08:00
Caloocan City,2026-01-14 23:00:00+08:00
Caloocan City,2026-01-15 03:00:00+08:00
Caloocan City,2026-01-15 08:00:00+08:00
Caloocan City,2026-01-15 12:00:00+08:00
Caloocan City,2026-01-15 17:00:00+08:00
Caloocan City,2026-01-16 08:00:00+08:00
Caloocan City,2026-01-16 16:00:00+08:00
Caloocan City,2026-01-16 19:00:00+08:00
Caloocan City,2026-01-17 03:00:00+08:00
Caloocan City,2026-01-17 10:00:00+08:00
Caloocan City,2026-01-17 15:00:00+08:00
Caloocan City,2026-01-17 18:00:00+08:00
Caloocan City,2026-01-17 21:00:00+08:00
Caloocan City,2026-01-18 01:00:00+08:00
Caloocan City,2026-01-18 18:00:00+08:00
Caloocan City,2026-01-19 17:00:00+08:00
Caloocan City,2026-01-19 21:00:00+08:00
Caloocan City,2026-01-20 00:00:00+08:00
Caloocan City,2026-01-20 06:00:00+08:00
Caloocan City,2026-01-20 08:00:00+08:00
Caloocan City,2026-01-20 11:00:00+08:00
Caloocan City,2026-01-20 13:00:00+08:00
Caloocan City,2026-01-21 09:00:00+08:00
Caloocan City,2026-01-21 12:00:00+08:00
Caloocan City,2026-01-21 14:00:00+08:00
Caloocan City,2026-01-21 17:00:00+08:00
Caloocan City,2026-01-21 19:00:00+08:00
Caloocan City,2026-01-21 21:00:00+08:00
Caloocan City,2026-01-22 02:00:00+08:00
Caloocan City,2026-01-22 05:00:00+08:00
Caloocan City,2026-01-22 07:00:00+08:00
Caloocan City,2026-01-23 03:00:00+08:00
Caloocan City,2026-01-23 07:00:00+08:00
Caloocan City,2026-01-23 14:00:00+08:00
Caloocan City,2026-01-23 16:00:00+08:00
Caloocan City,2026-01-24 02:00:00+08:00
Caloocan City,2026-01-24 09:00:00+08:00
Caloocan City,2026-01-24 15:00:00+08:00
Caloocan City,2026-01-25 06:00:00+08:00
Caloocan City,2026-01-25 10:00:00+08:00
Caloocan City,2026-01-25 20:00:00+08:00
Caloocan City,2026-01-26 20:00:00+08:00
Caloocan City,2026-01-26 23:00:00+08:00
Caloocan City,2026-01-27 06:00:00+08:00
Caloocan City,2026-01-27 08:00:00+08:00
Caloocan City,2026-01-27 12:00:00+08:00
Caloocan City,2026-01-27 16:00:00+08:00
Caloocan City,2026-01-28 04:00:00+08:00
Caloocan City,2026-01-28 14:00:00+08:00
Caloocan City,2026-01-28 22:00:00+08:00
Caloocan City,2026-01-29 01:00:00+08:00
Caloocan City,2026-01-29 04:00:00+08:00
Caloocan City,2026-01-29 06:00:00+08:00
Caloocan City,2026-01-29 13:00:00+08:00
Caloocan City,2026-01-29 16:00:00+08:00
Caloocan City,2026-01-29 19:00:00+08:00
Caloocan City,2026-01-30 00:00:00+08:00
Caloocan City,2026-01-30 07:00:00+08:00
Caloocan City,2026-01-30 09:00:00+08:00
Caloocan City,2026-01-30 18:00:00+08:00
Caloocan City,2026-01-31 00:00:00+08:00
Caloocan City,2026-01-31 20:00:00+08:00
Caloocan City,2026-02-01 03:00:00+08:00
Caloocan City,2026-02-01 07:00:00+08:00
Caloocan City,2026-02-01 17:00:00+08:00
Caloocan City,2026-02-02 07:00:00+08:00
Caloocan City,2026-02-02 09:00:00+08:00
Caloocan City,2026-02-02 18:00:00+08:00
Caloocan City,2026-02-03 00:00:00+08:00
Caloocan City,2026-02-03 04:00:00+08:00
Caloocan City,2026-02-03 12:00:00+08:00
Caloocan City,2026-02-03 19:00:00+08:00
Caloocan City,2026-02-04 05:00:00+08:00
Caloocan City,2026-02-04 09:00:00+08:00
Caloocan City,2026-02-04 21:00:00+08:00
Caloocan City,2026-02-05 04:00:00+08:00
Caloocan City,2026-02-05 14:00:00+08:00
Caloocan City,2026-02-05 17:00:00+08:00
Caloocan City,2026-02-05 19:00:00+08:00
Caloocan City,2026-02-06 02:00:00+08:00
Caloocan City,2026-02-06 21:00:00+08:00
Caloocan City,2026-02-06 23:00:00+08:00
Caloocan City,2026-02-07 01:00:00+08:00
Caloocan City,2026-02-07 03:00:00+08:00
Caloocan City,2026-02-07 07:00:00+08:00
Caloocan City,2026-02-07 12:00:00+08:00
Caloocan City,2026-02-07 19:00:00+08:00
Caloocan City,2026-02-07 21:00:00+08:00
Caloocan City,2026-02-08 13:00:00+08:00
Caloocan City,2026-02-08 17:00:00+08:00
Caloocan City,2026-02-08 23:00:00+08:00
Caloocan City,2026-02-09 02:00:00+08:00
Caloocan City,2026-02-09 13:00:00+08:00
Caloocan City,2026-02-09 23:00:00+08:00
Caloocan City,2026-02-10 03:00:00+08:00
Caloocan City,2026-02-10 12:00:00+08:00
Caloocan City,2026-02-10 20:00:00+08:00
Caloocan City,2026-02-10 23:00:00+08:00
Caloocan City,2026-02-11 05:00:00+08:00
Caloocan City,2026-02-11 08:00:00+08:00
Caloocan City,2026-02-11 12:00:00+08:00
Caloocan City,2026-02-11 19:00:00+08:00
Caloocan City,2026-02-11 22:00:00+08:00
Caloocan City,2026-02-12 07:00:00+08:00
Caloocan City,2026-02-12 14:00:00+08:00
Caloocan City,2026-02-13 02:00:00+08:00
Caloocan City,2026-02-13 13:00:00+08:00
Caloocan City,2026-02-13 17:00:00+08:00
Caloocan City,2026-02-13 22:00:00+08:00
Caloocan City,2026-02-14 02:00:00+08:00
Caloocan City,2026-02-14 09:00:00+08:00
Caloocan City,2026-02-14 12:00:00+08:00
Caloocan City,2026-02-15 04:00:00+08:00
Caloocan City,2026-02-15 09:00:00+08:00
Caloocan City,2026-02-15 16:00:00+08:00
Caloocan City,2026-02-15 23:00:00+08:00
Caloocan City,2026-02-16 01:00:00+08:00
Caloocan City,2026-02-16 03:00:00+08:00
Caloocan City,2026-02-16 07:00:00+08:00
Caloocan City,2026-02-16 11:00:00+08:00
Caloocan City,2026-02-16 17:00:00+08:00
Caloocan City,2026-02-16 20:00:00+08:00
Caloocan City,2026-02-17 03:00:00+08:00
Caloocan City,2026-02-17 10:00:00+08:00
Caloocan City,2026-02-17 21:00:00+08:00
Caloocan City,2026-02-17 23:00:00+08:00
Caloocan City,2026-02-18 02:00:00+08:00
Caloocan City,2026-02-18 07:00:00+08:00
Caloocan City,2026-02-18 17:00:00+08:00
Caloocan City,2026-02-19 04:00:00+08:00
Caloocan City,2026-02-19 09:00:00+08:00
Caloocan City,2026-02-19 19:00:00+08:00
Caloocan City,2026-02-20 13:00:00+08:00
Caloocan City,2026-02-21 03:00:00+08:00
Caloocan City,2026-02-21 08:00:00+08:00
Caloocan City,2026-02-21 13:00:00+08:00
Caloocan City,2026-02-22 04:00:00+08:00
Caloocan City,2026-02-22 14:00:00+08:00
Caloocan City,2026-02-22 18:00:00+08:00
Caloocan City,2026-02-22 20:00:00+08:00
Caloocan City,2026-02-23 05:00:00+08:00
Caloocan City,2026-02-23 13:00:00+08:00
Caloocan City,2026-02-23 19:00:00+08:00
Caloocan City,2026-02-23 21:00:00+08:00
Caloocan City,2026-02-24 00:00:00+08:00
Caloocan City,2026-02-24 03:00:00+08:00
Caloocan City,2026-02-24 13:00:00+08:00
Caloocan City,2026-02-24 21:00:00+08:00
Caloocan City,2026-02-25 03:00:00+08:00
Caloocan City,2026-02-25 07:00:00+08:00
Caloocan City,2026-02-25 10:00:00+08:00
Caloocan City,2026-02-25 20:00:00+08:00
Caloocan City,2026-02-26 07:00:00+08:00
Caloocan City,2026-02-26 12:00:00+08:00
Caloocan City,2026-02-27 02:00:00+08:00
Caloocan City,2026-02-27 10:00:00+08:00
Caloocan City,2026-02-27 20:00:00+08:00
Caloocan City,2026-02-28 01:00:00+08:00
Caloocan City,2026-02-28 14:00:00+08:00
Caloocan City,2026-02-28 17:00:00+08:00
Cebu City,2026-01-29 19:00:00+08:00
Cebu City,2026-02-21 03:00:00+08:00
Davao,2026-01-06 23:00:00+08:00
Davao,2026-01-13 09:00:00+08:00
Davao,2026-01-15 09:00:00+08:00
Davao,2026-01-19 01:00:00+08:00
Davao,2026-01-20 00:00:00+08:00
Davao,2026-01-29 19:00:00+08:00
Davao,2026-02-03 21:00:00+08:00
Davao,2026-02-04 18:00:00+08:00
Davao,2026-02-05 13:00:00+08:00
Davao,2026-02-07 14:00:00+08:00
Davao,2026-02-09 09:00:00+08:00
Davao,2026-02-14 15:00:00+08:00
Davao,2026-02-21 03:00:00+08:00
Davao,2026-02-28 21:00:00+08:00
Makati City,2026-01-07 19:00:00+08:00
Makati City,2026-01-08 10:00:00+08:00
Makati City,2026-01-17 12:00:00+08:00
Makati City,2026-01-22 02:00:00+08:00
Makati City,2026-01-22 10:00:00+08:00
Makati City,2026-01-25 07:00:00+08:00
Makati City,2026-01-26 19:00:00+08:00
Makati City,2026-01-26 23:00:00+08:00
Makati City,2026-01-29 19:00:00+08:00
Makati City,2026-01-31 20:00:00+08:00
Makati City,2026-02-05 10:00:00+08:00
Makati City,2026-02-05 17:00:00+08:00
Makati City,2026-02-07 22:00:00+08:00
Makati City,2026-02-10 21:00:00+08:00
Makati City,2026-02-15 07:00:00+08:00
Makati City,2026-02-17 07:00:00+08:00
Makati City,2026-02-21 03:00:00+08:00
Makati City,2026-02-21 07:00:00+08:00
Mandaluyong City,2026-01-06 08:00:00+08:00
Mandaluyong City,2026-01-14 13:00:00+08:00
Mandaluyong City,2026-01-14 18:00:00+08:00
Mandaluyong City,2026-01-19 10:00:00+08:00
Mandaluyong City,2026-02-20 07:00:00+08:00
Mandaluyong City,2026-02-21 03:00:00+08:00
Manila,2026-01-04 12:00:00+08:00
Manila,2026-01-04 19:00:00+08:00
Manila,2026-01-05 12:00:00+08:00
Manila,2026-01-10 17:00:00+08:00
Manila,2026-01-14 14:00:00+08:00
Manila,2026-01-14 16:00:00+08:00
Manila,2026-01-14 18:00:00+08:00
Manila,2026-01-21 10:00:00+08:00
Manila,2026-01-22 12:00:00+08:00
Manila,2026-01-22 17:00:00+08:00
Manila,2026-01-26 17:00:00+08:00
Manila,2026-01-26 22:00:00+08:00
Manila,2026-01-27 19:00:00+08:00
Manila,2026-01-29 19:00:00+08:00
Manila,2026-02-05 11:00:00+08:00
Manila,2026-02-05 13:00:00+08:00
Manila,2026-02-09 13:00:00+08:00
Manila,2026-02-13 11:00:00+08:00
Manila,2026-02-18 11:00:00+08:00
Manila,2026-02-21 03:00:00+08:00
Manila,2026-02-21 12:00:00+08:00
Manila,2026-02-24 12:00:00+08:00
Paranaque City,2026-02-21 03:00:00+08:00
Pasig,2026-01-08 08:00:00+08:00
Pasig,2026-01-11 09:00:00+08:00
Pasig,2026-01-13 23:00:00+08:00
Pasig,2026-01-14 10:00:00+08:00
Pasig,2026-01-14 15:00:00+08:00
Pasig,2026-01-16 08:00:00+08:00
Pasig,2026-01-19 13:00:00+08:00
Pasig,2026-01-22 09:00:00+08:00
Pasig,2026-01-24 10:00:00+08:00
Pasig,2026-01-30 06:00:00+08:00
Pasig,2026-02-01 22:00:00+08:00
Pasig,2026-02-09 14:00:00+08:00
Pasig,2026-02-12 12:00:00+08:00
Pasig,2026-02-12 14:00:00+08:00
Pasig,2026-02-18 21:00:00+08:00
Pasig,2026-02-19 06:00:00+08:00
Pasig,2026-02-19 17:00:00+08:00
Pasig,2026-02-21 03:00:00+08:00
Pasig,2026-02-22 06:00:00+08:00
Pasig,2026-02-22 22:00:00+08:00
Pasig,2026-02-23 22:00:00+08:00
Pasig,2026-02-24 22:00:00+08:00
Pasig,2026-02-25 00:00:00+08:00
Pasig,2026-02-28 03:00:00+08:00
Pasig,2026-02-28 05:00:00+08:00
Quezon City,2026-01-06 15:00:00+08:00
Quezon City,2026-01-28 15:00:00+08:00
Quezon City,2026-01-29 19:00:00+08:00
Quezon City,2026-02-21 03:00:00+08:00
Taguig,2026-01-18 23:00:00+08:00
Taguig,2026-01-31 17:00:00+08:00
Taguig,2026-02-21 03:00:00+08:00
